file,label,quality
train_cardboard_000.jpg,cardboard,PHOTO
train_cardboard_001.jpg,cardboard,DIGITAL
train_cardboard_002.jpg,cardboard,DIGITAL
train_cardboard_003.jpg,cardboard,DIGITAL
train_cardboard_004.jpg,cardboard,DIGITAL
train_cardboard_005.jpg,cardboard,PHOTO
train_cardboard_006.jpg,cardboard,PHOTO
train_cardboard_007.jpg,cardboard,DIGITAL
train_cardboard_008.jpg,cardboard,DIGITAL
train_cardboard_009.jpg,cardboard,DIGITAL
train_cardboard_010.jpg,cardboard,DIGITAL
train_cardboard_011.jpg,cardboard,DIGITAL
train_cardboard_012.jpg,cardboard,DIGITAL
train_cardboard_013.jpg,cardboard,DIGITAL
train_cardboard_014.jpg,cardboard,DIGITAL
train_cardboard_015.jpg,cardboard,DIGITAL
train_cardboard_016.jpg,cardboard,DIGITAL
train_cardboard_017.jpg,cardboard,DIGITAL
train_cardboard_018.jpg,cardboard,PHOTO
train_cardboard_019.jpg,cardboard,DIGITAL
train_cardboard_020.jpg,cardboard,DIGITAL
train_cardboard_021.jpg,cardboard,DIGITAL
train_cardboard_022.jpg,cardboard,DIGITAL
train_cardboard_023.jpg,cardboard,DIGITAL
train_cardboard_024.jpg,cardboard,DIGITAL
train_cardboard_025.jpg,cardboard,DIGITAL
train_cardboard_026.jpg,cardboard,DIGITAL
train_cardboard_027.jpg,cardboard,DIGITAL
train_cardboard_028.jpg,cardboard,DIGITAL
train_cardboard_029.jpg,cardboard,DIGITAL
train_cardboard_030.jpg,cardboard,DIGITAL
train_cardboard_031.jpg,cardboard,DIGITAL
train_cardboard_032.jpg,cardboard,DIGITAL
train_cardboard_033.jpg,cardboard,DIGITAL
train_cardboard_034.jpg,cardboard,DIGITAL
train_cardboard_035.jpg,cardboard,DIGITAL
train_cardboard_036.jpg,cardboard,DIGITAL
train_cardboard_037.jpg,cardboard,PHOTO
train_cardboard_038.jpg,cardboard,PHOTO
train_cardboard_039.jpg,cardboard,DIGITAL
train_cardboard_040.jpg,cardboard,PHOTO
train_cardboard_041.jpg,cardboard,DIGITAL
train_cardboard_042.jpg,cardboard,DIGITAL
train_cardboard_043.jpg,cardboard,DIGITAL
train_cardboard_044.jpg,cardboard,DIGITAL
train_cardboard_045.jpg,cardboard,DIGITAL
train_cardboard_046.jpg,cardboard,DIGITAL
train_cardboard_047.jpg,cardboard,DIGITAL
train_cardboard_048.jpg,cardboard,DIGITAL
train_cardboard_049.jpg,cardboard,DIGITAL
train_cardboard_050.jpg,cardboard,DIGITAL
train_cardboard_051.jpg,cardboard,DIGITAL
train_cardboard_052.jpg,cardboard,DIGITAL
train_cardboard_053.jpg,cardboard,DIGITAL
train_cardboard_054.jpg,cardboard,DIGITAL
train_cardboard_055.jpg,cardboard,DIGITAL
train_cardboard_056.jpg,cardboard,DIGITAL
train_cardboard_057.jpg,cardboard,PHOTO
train_cardboard_058.jpg,cardboard,DIGITAL
train_cardboard_059.jpg,cardboard,DIGITAL
train_cardboard_060.jpg,cardboard,DIGITAL
train_cardboard_061.jpg,cardboard,DIGITAL
train_cardboard_062.jpg,cardboard,DIGITAL
train_cardboard_063.jpg,cardboard,DIGITAL
train_cardboard_064.jpg,cardboard,DIGITAL
train_cardboard_065.jpg,cardboard,DIGITAL
train_cardboard_066.jpg,cardboard,DIGITAL
train_cardboard_067.jpg,cardboard,DIGITAL
train_cardboard_068.jpg,cardboard,DIGITAL
train_cardboard_069.jpg,cardboard,DIGITAL
train_cardboard_070.jpg,cardboard,DIGITAL
train_cardboard_071.jpg,cardboard,DIGITAL
train_cardboard_072.jpg,cardboard,DIGITAL
train_cardboard_073.jpg,cardboard,DIGITAL
train_cardboard_074.jpg,cardboard,DIGITAL
train_cardboard_075.jpg,cardboard,DIGITAL
train_cardboard_076.jpg,cardboard,PHOTO
train_cardboard_077.jpg,cardboard,DIGITAL
train_cardboard_078.jpg,cardboard,DIGITAL
train_cardboard_079.jpg,cardboard,DIGITAL
train_cardboard_080.jpg,cardboard,PHOTO
train_cardboard_081.jpg,cardboard,DIGITAL
train_cardboard_082.jpg,cardboard,PHOTO
train_cardboard_083.jpg,cardboard,DIGITAL
train_cardboard_084.jpg,cardboard,DIGITAL
train_cardboard_085.jpg,cardboard,DIGITAL
train_cardboard_086.jpg,cardboard,PHOTO
train_cardboard_087.jpg,cardboard,DIGITAL
train_cardboard_088.jpg,cardboard,PHOTO
train_cardboard_089.jpg,cardboard,DIGITAL
train_cardboard_090.jpg,cardboard,DIGITAL
train_cardboard_091.jpg,cardboard,PHOTO
train_cardboard_092.jpg,cardboard,DIGITAL
train_cardboard_093.jpg,cardboard,DIGITAL
train_cardboard_094.jpg,cardboard,DIGITAL
train_cardboard_095.jpg,cardboard,PHOTO
train_cardboard_096.jpg,cardboard,DIGITAL
train_cardboard_097.jpg,cardboard,DIGITAL
train_cardboard_098.jpg,cardboard,DIGITAL
train_cardboard_099.jpg,cardboard,DIGITAL
train_cardboard_100.jpg,cardboard,DIGITAL
train_cardboard_101.jpg,cardboard,DIGITAL
train_cardboard_102.jpg,cardboard,DIGITAL
train_cardboard_103.jpg,cardboard,DIGITAL
train_cardboard_104.jpg,cardboard,DIGITAL
train_cardboard_105.jpg,cardboard,PHOTO
train_cardboard_106.jpg,cardboard,DIGITAL
train_cardboard_107.jpg,cardboard,DIGITAL
train_cardboard_108.jpg,cardboard,DIGITAL
train_cardboard_109.jpg,cardboard,DIGITAL
train_cardboard_110.jpg,cardboard,PHOTO
train_cardboard_111.jpg,cardboard,DIGITAL
train_cardboard_112.jpg,cardboard,DIGITAL
train_cardboard_113.jpg,cardboard,DIGITAL
train_cardboard_114.jpg,cardboard,DIGITAL
train_cardboard_115.jpg,cardboard,DIGITAL
train_cardboard_116.jpg,cardboard,PHOTO
train_cardboard_117.jpg,cardboard,PHOTO
train_cardboard_118.jpg,cardboard,DIGITAL
train_cardboard_119.jpg,cardboard,PHOTO
train_cardboard_120.jpg,cardboard,PHOTO
train_cardboard_121.jpg,cardboard,DIGITAL
train_cardboard_122.jpg,cardboard,DIGITAL
train_cardboard_123.jpg,cardboard,DIGITAL
train_cardboard_124.jpg,cardboard,DIGITAL
train_cardboard_125.jpg,cardboard,DIGITAL
train_cardboard_126.jpg,cardboard,DIGITAL
train_cardboard_127.jpg,cardboard,DIGITAL
train_cardboard_128.jpg,cardboard,DIGITAL
train_cardboard_129.jpg,cardboard,DIGITAL
train_cardboard_130.jpg,cardboard,DIGITAL
train_cardboard_131.jpg,cardboard,DIGITAL
train_cardboard_132.jpg,cardboard,DIGITAL
train_cardboard_133.jpg,cardboard,DIGITAL
train_cardboard_134.jpg,cardboard,PHOTO
train_cardboard_135.jpg,cardboard,DIGITAL
train_cardboard_136.jpg,cardboard,DIGITAL
train_cardboard_137.jpg,cardboard,DIGITAL
train_cardboard_138.jpg,cardboard,DIGITAL
train_cardboard_139.jpg,cardboard,DIGITAL
train_cardboard_140.jpg,cardboard,DIGITAL
train_cardboard_141.jpg,cardboard,DIGITAL
train_cardboard_142.jpg,cardboard,PHOTO
train_cardboard_143.jpg,cardboard,DIGITAL
train_cardboard_144.jpg,cardboard,DIGITAL
train_cardboard_145.jpg,cardboard,DIGITAL
train_cardboard_146.jpg,cardboard,DIGITAL
train_cardboard_147.jpg,cardboard,PHOTO
train_cardboard_148.jpg,cardboard,DIGITAL
train_cardboard_149.jpg,cardboard,DIGITAL
train_cardboard_150.jpg,cardboard,DIGITAL
train_cardboard_151.jpg,cardboard,DIGITAL
train_cardboard_152.jpg,cardboard,DIGITAL
train_cardboard_153.jpg,cardboard,DIGITAL
train_cardboard_154.jpg,cardboard,DIGITAL
train_cardboard_155.jpg,cardboard,DIGITAL
train_cardboard_156.jpg,cardboard,DIGITAL
train_cardboard_157.jpg,cardboard,DIGITAL
train_cardboard_158.jpg,cardboard,DIGITAL
train_cardboard_159.jpg,cardboard,DIGITAL
train_cardboard_160.jpg,cardboard,DIGITAL
train_cardboard_161.jpg,cardboard,PHOTO
train_cardboard_162.jpg,cardboard,DIGITAL
train_cardboard_163.jpg,cardboard,DIGITAL
train_cardboard_164.jpg,cardboard,DIGITAL
train_cardboard_165.jpg,cardboard,DIGITAL
train_cardboard_166.jpg,cardboard,DIGITAL
train_cardboard_167.jpg,cardboard,DIGITAL
train_cardboard_168.jpg,cardboard,DIGITAL
train_cardboard_169.jpg,cardboard,DIGITAL
train_cardboard_170.jpg,cardboard,DIGITAL
train_cardboard_171.jpg,cardboard,DIGITAL
train_cardboard_172.jpg,cardboard,DIGITAL
train_cardboard_173.jpg,cardboard,DIGITAL
train_cardboard_174.jpg,cardboard,PHOTO
train_cardboard_175.jpg,cardboard,DIGITAL
train_cardboard_176.jpg,cardboard,DIGITAL
train_cardboard_177.jpg,cardboard,DIGITAL
train_cardboard_178.jpg,cardboard,DIGITAL
train_cardboard_179.jpg,cardboard,PHOTO
train_cardboard_180.jpg,cardboard,DIGITAL
train_cardboard_181.jpg,cardboard,DIGITAL
train_cardboard_182.jpg,cardboard,DIGITAL
train_cardboard_183.jpg,cardboard,PHOTO
train_cardboard_184.jpg,cardboard,DIGITAL
train_cardboard_185.jpg,cardboard,DIGITAL
train_cardboard_186.jpg,cardboard,DIGITAL
train_cardboard_187.jpg,cardboard,DIGITAL
train_cardboard_188.jpg,cardboard,DIGITAL
train_cardboard_189.jpg,cardboard,PHOTO
train_cardboard_190.jpg,cardboard,DIGITAL
train_cardboard_191.jpg,cardboard,DIGITAL
train_cardboard_192.jpg,cardboard,PHOTO
train_cardboard_193.jpg,cardboard,PHOTO
train_cardboard_194.jpg,cardboard,DIGITAL
train_cardboard_195.jpg,cardboard,DIGITAL
train_cardboard_196.jpg,cardboard,DIGITAL
train_cardboard_197.jpg,cardboard,DIGITAL
train_cardboard_198.jpg,cardboard,DIGITAL
train_cardboard_199.jpg,cardboard,DIGITAL
train_cardboard_200.jpg,cardboard,PHOTO
train_cardboard_201.jpg,cardboard,PHOTO
train_cardboard_202.jpg,cardboard,PHOTO
train_cardboard_203.jpg,cardboard,DIGITAL
train_cardboard_204.jpg,cardboard,DIGITAL
train_cardboard_205.jpg,cardboard,DIGITAL
train_cardboard_206.jpg,cardboard,DIGITAL
train_cardboard_207.jpg,cardboard,DIGITAL
train_cardboard_208.jpg,cardboard,DIGITAL
train_cardboard_209.jpg,cardboard,DIGITAL
train_cardboard_210.jpg,cardboard,DIGITAL
train_cardboard_211.jpg,cardboard,DIGITAL
train_cardboard_212.jpg,cardboard,DIGITAL
train_cardboard_213.jpg,cardboard,DIGITAL
train_cardboard_214.jpg,cardboard,DIGITAL
train_cardboard_215.jpg,cardboard,DIGITAL
train_cardboard_216.jpg,cardboard,DIGITAL
train_cardboard_217.jpg,cardboard,DIGITAL
train_cardboard_218.jpg,cardboard,DIGITAL
train_cardboard_219.jpg,cardboard,PHOTO
train_cardboard_220.jpg,cardboard,DIGITAL
train_cardboard_221.jpg,cardboard,DIGITAL
train_cardboard_222.jpg,cardboard,DIGITAL
train_cardboard_223.jpg,cardboard,DIGITAL
train_cardboard_224.jpg,cardboard,DIGITAL
train_cardboard_225.jpg,cardboard,PHOTO
train_cardboard_226.jpg,cardboard,DIGITAL
train_cardboard_227.jpg,cardboard,DIGITAL
train_cardboard_228.jpg,cardboard,DIGITAL
train_cardboard_229.jpg,cardboard,DIGITAL
train_cardboard_230.jpg,cardboard,DIGITAL
train_cardboard_231.jpg,cardboard,PHOTO
train_cardboard_232.jpg,cardboard,DIGITAL
train_cardboard_233.jpg,cardboard,DIGITAL
train_cardboard_234.jpg,cardboard,DIGITAL
train_cardboard_235.jpg,cardboard,DIGITAL
train_cardboard_236.jpg,cardboard,DIGITAL
train_cardboard_237.jpg,cardboard,PHOTO
train_cardboard_238.jpg,cardboard,DIGITAL
train_cardboard_239.jpg,cardboard,DIGITAL
train_cardboard_240.jpg,cardboard,PHOTO
train_cardboard_241.jpg,cardboard,DIGITAL
train_cardboard_242.jpg,cardboard,DIGITAL
train_cardboard_243.jpg,cardboard,DIGITAL
train_cardboard_244.jpg,cardboard,DIGITAL
train_cardboard_245.jpg,cardboard,DIGITAL
train_cardboard_246.jpg,cardboard,DIGITAL
train_cardboard_247.jpg,cardboard,DIGITAL
train_cardboard_248.jpg,cardboard,DIGITAL
train_cardboard_249.jpg,cardboard,PHOTO
train_cardboard_250.jpg,cardboard,DIGITAL
train_cardboard_251.jpg,cardboard,DIGITAL
train_cardboard_252.jpg,cardboard,DIGITAL
train_cardboard_253.jpg,cardboard,PHOTO
train_cardboard_254.jpg,cardboard,DIGITAL
train_cardboard_255.jpg,cardboard,PHOTO
train_cardboard_256.jpg,cardboard,DIGITAL
train_cardboard_257.jpg,cardboard,DIGITAL
train_cardboard_258.jpg,cardboard,DIGITAL
train_cardboard_259.jpg,cardboard,PHOTO
train_cardboard_260.jpg,cardboard,DIGITAL
train_cardboard_261.jpg,cardboard,DIGITAL
train_cardboard_262.jpg,cardboard,DIGITAL
train_cardboard_263.jpg,cardboard,DIGITAL
train_cardboard_264.jpg,cardboard,DIGITAL
train_cardboard_265.jpg,cardboard,DIGITAL
train_cardboard_266.jpg,cardboard,DIGITAL
train_cardboard_267.jpg,cardboard,PHOTO
train_cardboard_268.jpg,cardboard,DIGITAL
train_cardboard_269.jpg,cardboard,DIGITAL
train_cardboard_270.jpg,cardboard,PHOTO
train_cardboard_271.jpg,cardboard,DIGITAL
train_cardboard_272.jpg,cardboard,DIGITAL
train_cardboard_273.jpg,cardboard,DIGITAL
train_cardboard_274.jpg,cardboard,DIGITAL
train_cardboard_275.jpg,cardboard,DIGITAL
train_cardboard_276.jpg,cardboard,DIGITAL
train_cardboard_277.jpg,cardboard,DIGITAL
train_cardboard_278.jpg,cardboard,DIGITAL
train_cardboard_279.jpg,cardboard,DIGITAL
train_cardboard_280.jpg,cardboard,DIGITAL
train_cardboard_281.jpg,cardboard,DIGITAL
train_cardboard_282.jpg,cardboard,DIGITAL
train_cardboard_283.jpg,cardboard,DIGITAL
train_cardboard_284.jpg,cardboard,DIGITAL
train_cardboard_285.jpg,cardboard,DIGITAL
train_cardboard_286.jpg,cardboard,DIGITAL
train_cardboard_287.jpg,cardboard,DIGITAL
train_cardboard_288.jpg,cardboard,DIGITAL
train_cardboard_289.jpg,cardboard,DIGITAL
train_cardboard_290.jpg,cardboard,DIGITAL
train_cardboard_291.jpg,cardboard,DIGITAL
train_cardboard_292.jpg,cardboard,DIGITAL
train_cardboard_293.jpg,cardboard,DIGITAL
train_cardboard_294.jpg,cardboard,DIGITAL
train_cardboard_295.jpg,cardboard,DIGITAL
train_cardboard_296.jpg,cardboard,DIGITAL
train_cardboard_297.jpg,cardboard,DIGITAL
train_cardboard_298.jpg,cardboard,DIGITAL
train_cardboard_299.jpg,cardboard,DIGITAL
train_cardboard_300.jpg,cardboard,DIGITAL
train_cardboard_301.jpg,cardboard,DIGITAL
train_cardboard_302.jpg,cardboard,DIGITAL
train_cardboard_303.jpg,cardboard,DIGITAL
train_cardboard_304.jpg,cardboard,DIGITAL
train_cardboard_305.jpg,cardboard,DIGITAL
train_cardboard_306.jpg,cardboard,DIGITAL
train_cardboard_307.jpg,cardboard,PHOTO
train_cardboard_308.jpg,cardboard,DIGITAL
train_cardboard_309.jpg,cardboard,DIGITAL
train_cardboard_310.jpg,cardboard,PHOTO
train_cardboard_311.jpg,cardboard,DIGITAL
train_cardboard_312.jpg,cardboard,DIGITAL
train_cardboard_313.jpg,cardboard,DIGITAL
train_cardboard_314.jpg,cardboard,DIGITAL
train_cardboard_315.jpg,cardboard,PHOTO
train_cardboard_316.jpg,cardboard,PHOTO
train_cardboard_317.jpg,cardboard,DIGITAL
train_cardboard_318.jpg,cardboard,DIGITAL
train_cardboard_319.jpg,cardboard,DIGITAL
train_cardboard_320.jpg,cardboard,DIGITAL
train_cardboard_321.jpg,cardboard,DIGITAL
train_cardboard_322.jpg,cardboard,DIGITAL
train_cardboard_323.jpg,cardboard,PHOTO
train_cardboard_324.jpg,cardboard,DIGITAL
train_cardboard_325.jpg,cardboard,DIGITAL
train_cardboard_326.jpg,cardboard,DIGITAL
train_cardboard_327.jpg,cardboard,DIGITAL
train_cardboard_328.jpg,cardboard,DIGITAL
train_cardboard_329.jpg,cardboard,PHOTO
train_cardboard_330.jpg,cardboard,DIGITAL
train_cardboard_331.jpg,cardboard,DIGITAL
train_cardboard_332.jpg,cardboard,DIGITAL
train_cardboard_333.jpg,cardboard,DIGITAL
train_cardboard_334.jpg,cardboard,DIGITAL
train_cardboard_335.jpg,cardboard,DIGITAL
train_cardboard_336.jpg,cardboard,DIGITAL
train_cardboard_337.jpg,cardboard,DIGITAL
train_cardboard_338.jpg,cardboard,PHOTO
train_cardboard_339.jpg,cardboard,DIGITAL
train_cardboard_340.jpg,cardboard,PHOTO
train_cardboard_341.jpg,cardboard,DIGITAL
train_cardboard_342.jpg,cardboard,DIGITAL
train_cardboard_343.jpg,cardboard,DIGITAL
train_cardboard_344.jpg,cardboard,DIGITAL
train_cardboard_345.jpg,cardboard,DIGITAL
train_cardboard_346.jpg,cardboard,DIGITAL
train_cardboard_347.jpg,cardboard,DIGITAL
train_cardboard_348.jpg,cardboard,DIGITAL
train_cardboard_349.jpg,cardboard,DIGITAL
train_cardboard_350.jpg,cardboard,DIGITAL
train_cardboard_351.jpg,cardboard,DIGITAL
train_cardboard_352.jpg,cardboard,DIGITAL
train_cardboard_353.jpg,cardboard,PHOTO
train_cardboard_354.jpg,cardboard,PHOTO
train_cardboard_355.jpg,cardboard,PHOTO
train_cardboard_356.jpg,cardboard,DIGITAL
train_cardboard_357.jpg,cardboard,PHOTO
train_cardboard_358.jpg,cardboard,DIGITAL
train_cardboard_359.jpg,cardboard,DIGITAL
train_cardboard_360.jpg,cardboard,DIGITAL
train_cardboard_361.jpg,cardboard,DIGITAL
train_cardboard_362.jpg,cardboard,DIGITAL
train_cardboard_363.jpg,cardboard,DIGITAL
train_cardboard_364.jpg,cardboard,DIGITAL
train_cardboard_365.jpg,cardboard,DIGITAL
train_cardboard_366.jpg,cardboard,DIGITAL
train_cardboard_367.jpg,cardboard,PHOTO
train_cardboard_368.jpg,cardboard,DIGITAL
train_cardboard_369.jpg,cardboard,DIGITAL
train_cardboard_370.jpg,cardboard,DIGITAL
train_cardboard_371.jpg,cardboard,DIGITAL
train_cardboard_372.jpg,cardboard,DIGITAL
train_cardboard_373.jpg,cardboard,DIGITAL
train_cardboard_374.jpg,cardboard,DIGITAL
train_cardboard_375.jpg,cardboard,DIGITAL
train_cardboard_376.jpg,cardboard,DIGITAL
train_cardboard_377.jpg,cardboard,DIGITAL
train_cardboard_378.jpg,cardboard,DIGITAL
train_cardboard_379.jpg,cardboard,DIGITAL
train_cardboard_380.jpg,cardboard,DIGITAL
train_cardboard_381.jpg,cardboard,PHOTO
train_cardboard_382.jpg,cardboard,DIGITAL
train_cardboard_383.jpg,cardboard,DIGITAL
train_cardboard_384.jpg,cardboard,DIGITAL
train_cardboard_385.jpg,cardboard,DIGITAL
train_cardboard_386.jpg,cardboard,DIGITAL
train_cardboard_387.jpg,cardboard,DIGITAL
train_cardboard_388.jpg,cardboard,PHOTO
train_cardboard_389.jpg,cardboard,DIGITAL
train_cardboard_390.jpg,cardboard,DIGITAL
train_cardboard_391.jpg,cardboard,DIGITAL
train_cardboard_392.jpg,cardboard,DIGITAL
train_cardboard_393.jpg,cardboard,DIGITAL
train_cardboard_394.jpg,cardboard,DIGITAL
train_cardboard_395.jpg,cardboard,DIGITAL
train_cardboard_396.jpg,cardboard,DIGITAL
train_cardboard_397.jpg,cardboard,DIGITAL
train_cardboard_398.jpg,cardboard,DIGITAL
train_cardboard_399.jpg,cardboard,DIGITAL
train_cardboard_400.jpg,cardboard,DIGITAL
train_cardboard_401.jpg,cardboard,PHOTO
train_cardboard_402.jpg,cardboard,DIGITAL
train_cardboard_403.jpg,cardboard,DIGITAL
train_cardboard_404.jpg,cardboard,DIGITAL
train_cardboard_405.jpg,cardboard,PHOTO
train_cardboard_406.jpg,cardboard,PHOTO
train_cardboard_407.jpg,cardboard,DIGITAL
train_cardboard_408.jpg,cardboard,DIGITAL
train_cardboard_409.jpg,cardboard,DIGITAL
train_cardboard_410.jpg,cardboard,DIGITAL
train_cardboard_411.jpg,cardboard,DIGITAL
train_cardboard_412.jpg,cardboard,DIGITAL
train_cardboard_413.jpg,cardboard,DIGITAL
train_cardboard_414.jpg,cardboard,DIGITAL
train_cardboard_415.jpg,cardboard,DIGITAL
train_cardboard_416.jpg,cardboard,DIGITAL
train_cardboard_417.jpg,cardboard,DIGITAL
train_cardboard_418.jpg,cardboard,PHOTO
train_cardboard_419.jpg,cardboard,DIGITAL
train_cardboard_420.jpg,cardboard,DIGITAL
train_cardboard_421.jpg,cardboard,DIGITAL
train_cardboard_422.jpg,cardboard,DIGITAL
train_cardboard_423.jpg,cardboard,DIGITAL
train_cardboard_424.jpg,cardboard,DIGITAL
train_cardboard_425.jpg,cardboard,DIGITAL
train_cardboard_426.jpg,cardboard,DIGITAL
train_cardboard_427.jpg,cardboard,DIGITAL
train_cardboard_428.jpg,cardboard,DIGITAL
train_cardboard_429.jpg,cardboard,PHOTO
train_cardboard_430.jpg,cardboard,PHOTO
train_cardboard_431.jpg,cardboard,DIGITAL
train_cardboard_432.jpg,cardboard,DIGITAL
train_cardboard_433.jpg,cardboard,DIGITAL
train_cardboard_434.jpg,cardboard,DIGITAL
train_cardboard_435.jpg,cardboard,DIGITAL
train_cardboard_436.jpg,cardboard,DIGITAL
train_cardboard_437.jpg,cardboard,DIGITAL
train_cardboard_438.jpg,cardboard,DIGITAL
train_cardboard_439.jpg,cardboard,DIGITAL
train_cardboard_440.jpg,cardboard,DIGITAL
train_cardboard_441.jpg,cardboard,PHOTO
train_cardboard_442.jpg,cardboard,DIGITAL
train_cardboard_443.jpg,cardboard,DIGITAL
train_cardboard_444.jpg,cardboard,PHOTO
train_cardboard_445.jpg,cardboard,PHOTO
train_cardboard_446.jpg,cardboard,DIGITAL
train_cardboard_447.jpg,cardboard,DIGITAL
train_cardboard_448.jpg,cardboard,DIGITAL
train_cardboard_449.jpg,cardboard,PHOTO
train_cardboard_450.jpg,cardboard,DIGITAL
train_cardboard_451.jpg,cardboard,DIGITAL
train_cardboard_452.jpg,cardboard,DIGITAL
train_cardboard_453.jpg,cardboard,DIGITAL
train_cardboard_454.jpg,cardboard,PHOTO
train_cardboard_455.jpg,cardboard,DIGITAL
train_cardboard_456.jpg,cardboard,DIGITAL
train_cardboard_457.jpg,cardboard,DIGITAL
train_cardboard_458.jpg,cardboard,DIGITAL
train_cardboard_459.jpg,cardboard,DIGITAL
train_cardboard_460.jpg,cardboard,DIGITAL
train_cardboard_461.jpg,cardboard,DIGITAL
train_cardboard_462.jpg,cardboard,PHOTO
train_cardboard_463.jpg,cardboard,PHOTO
train_cardboard_464.jpg,cardboard,PHOTO
train_cardboard_465.jpg,cardboard,DIGITAL
train_cardboard_466.jpg,cardboard,DIGITAL
train_cardboard_467.jpg,cardboard,DIGITAL
train_cardboard_468.jpg,cardboard,DIGITAL
train_cardboard_469.jpg,cardboard,DIGITAL
train_cardboard_470.jpg,cardboard,DIGITAL
train_cardboard_471.jpg,cardboard,DIGITAL
train_cardboard_472.jpg,cardboard,DIGITAL
train_cardboard_473.jpg,cardboard,DIGITAL
train_cardboard_474.jpg,cardboard,DIGITAL
train_cardboard_475.jpg,cardboard,PHOTO
train_cardboard_476.jpg,cardboard,DIGITAL
train_cardboard_477.jpg,cardboard,PHOTO
train_cardboard_478.jpg,cardboard,DIGITAL
train_cardboard_479.jpg,cardboard,PHOTO
train_cardboard_480.jpg,cardboard,PHOTO
train_cardboard_481.jpg,cardboard,DIGITAL
train_cardboard_482.jpg,cardboard,DIGITAL
train_cardboard_483.jpg,cardboard,DIGITAL
train_cardboard_484.jpg,cardboard,DIGITAL
train_cardboard_485.jpg,cardboard,DIGITAL
train_cardboard_486.jpg,cardboard,DIGITAL
train_cardboard_487.jpg,cardboard,PHOTO
train_cardboard_488.jpg,cardboard,PHOTO
train_cardboard_489.jpg,cardboard,DIGITAL
train_cardboard_490.jpg,cardboard,DIGITAL
train_cardboard_491.jpg,cardboard,DIGITAL
train_cardboard_492.jpg,cardboard,DIGITAL
train_cardboard_493.jpg,cardboard,DIGITAL
train_cardboard_494.jpg,cardboard,DIGITAL
train_cardboard_495.jpg,cardboard,DIGITAL
train_cardboard_496.jpg,cardboard,PHOTO
train_cardboard_497.jpg,cardboard,DIGITAL
train_cardboard_498.jpg,cardboard,DIGITAL
train_cardboard_499.jpg,cardboard,DIGITAL
train_cardboard_500.jpg,cardboard,DIGITAL
train_cardboard_501.jpg,cardboard,DIGITAL
train_cardboard_502.jpg,cardboard,DIGITAL
train_cardboard_503.jpg,cardboard,DIGITAL
train_cardboard_504.jpg,cardboard,DIGITAL
train_cardboard_505.jpg,cardboard,DIGITAL
train_cardboard_506.jpg,cardboard,DIGITAL
train_cardboard_507.jpg,cardboard,DIGITAL
train_cardboard_508.jpg,cardboard,DIGITAL
train_cardboard_509.jpg,cardboard,PHOTO
train_cardboard_510.jpg,cardboard,PHOTO
train_cardboard_511.jpg,cardboard,DIGITAL
train_cardboard_512.jpg,cardboard,DIGITAL
train_cardboard_513.jpg,cardboard,DIGITAL
train_cardboard_514.jpg,cardboard,DIGITAL
train_cardboard_515.jpg,cardboard,DIGITAL
train_cardboard_516.jpg,cardboard,DIGITAL
train_cardboard_517.jpg,cardboard,PHOTO
train_cardboard_518.jpg,cardboard,DIGITAL
train_cardboard_519.jpg,cardboard,DIGITAL
train_cardboard_520.jpg,cardboard,DIGITAL
train_cardboard_521.jpg,cardboard,PHOTO
train_cardboard_522.jpg,cardboard,DIGITAL
train_cardboard_523.jpg,cardboard,DIGITAL
train_cardboard_524.jpg,cardboard,DIGITAL
train_cardboard_525.jpg,cardboard,DIGITAL
train_cardboard_526.jpg,cardboard,DIGITAL
train_cardboard_527.jpg,cardboard,DIGITAL
train_cardboard_528.jpg,cardboard,DIGITAL
train_cardboard_529.jpg,cardboard,DIGITAL
train_cardboard_530.jpg,cardboard,DIGITAL
train_cardboard_531.jpg,cardboard,PHOTO
train_cardboard_532.jpg,cardboard,DIGITAL
train_cardboard_533.jpg,cardboard,DIGITAL
train_cardboard_534.jpg,cardboard,DIGITAL
train_cardboard_535.jpg,cardboard,DIGITAL
train_cardboard_536.jpg,cardboard,DIGITAL
train_cardboard_537.jpg,cardboard,PHOTO
train_cardboard_538.jpg,cardboard,DIGITAL
train_cardboard_539.jpg,cardboard,DIGITAL
train_cardboard_540.jpg,cardboard,PHOTO
train_cardboard_541.jpg,cardboard,DIGITAL
train_cardboard_542.jpg,cardboard,DIGITAL
train_cardboard_543.jpg,cardboard,DIGITAL
train_cardboard_544.jpg,cardboard,DIGITAL
train_cardboard_545.jpg,cardboard,DIGITAL
train_cardboard_546.jpg,cardboard,PHOTO
train_cardboard_547.jpg,cardboard,PHOTO
train_cardboard_548.jpg,cardboard,DIGITAL
train_cardboard_549.jpg,cardboard,PHOTO
train_cardboard_550.jpg,cardboard,DIGITAL
train_cardboard_551.jpg,cardboard,DIGITAL
train_cardboard_552.jpg,cardboard,DIGITAL
train_cardboard_553.jpg,cardboard,DIGITAL
train_cardboard_554.jpg,cardboard,DIGITAL
train_cardboard_555.jpg,cardboard,DIGITAL
train_cardboard_556.jpg,cardboard,DIGITAL
train_cardboard_557.jpg,cardboard,PHOTO
train_cardboard_558.jpg,cardboard,DIGITAL
train_cardboard_559.jpg,cardboard,DIGITAL
train_cardboard_560.jpg,cardboard,DIGITAL
train_cardboard_561.jpg,cardboard,DIGITAL
train_cardboard_562.jpg,cardboard,DIGITAL
train_cardboard_563.jpg,cardboard,PHOTO
train_cardboard_564.jpg,cardboard,PHOTO
train_cardboard_565.jpg,cardboard,DIGITAL
train_cardboard_566.jpg,cardboard,DIGITAL
train_cardboard_567.jpg,cardboard,DIGITAL
train_cardboard_568.jpg,cardboard,DIGITAL
train_cardboard_569.jpg,cardboard,DIGITAL
train_cardboard_570.jpg,cardboard,DIGITAL
train_cardboard_571.jpg,cardboard,DIGITAL
train_cardboard_572.jpg,cardboard,DIGITAL
train_cardboard_573.jpg,cardboard,DIGITAL
train_cardboard_574.jpg,cardboard,DIGITAL
train_cardboard_575.jpg,cardboard,PHOTO
train_cardboard_576.jpg,cardboard,DIGITAL
train_cardboard_577.jpg,cardboard,DIGITAL
train_cardboard_578.jpg,cardboard,PHOTO
train_cardboard_579.jpg,cardboard,DIGITAL
train_cardboard_580.jpg,cardboard,DIGITAL
train_cardboard_581.jpg,cardboard,DIGITAL
train_cardboard_582.jpg,cardboard,DIGITAL
train_cardboard_583.jpg,cardboard,DIGITAL
train_cardboard_584.jpg,cardboard,DIGITAL
train_cardboard_585.jpg,cardboard,DIGITAL
train_cardboard_586.jpg,cardboard,DIGITAL
train_cardboard_587.jpg,cardboard,DIGITAL
train_cardboard_588.jpg,cardboard,DIGITAL
train_cardboard_589.jpg,cardboard,PHOTO
train_cardboard_590.jpg,cardboard,DIGITAL
train_cardboard_591.jpg,cardboard,DIGITAL
train_cardboard_592.jpg,cardboard,DIGITAL
train_cardboard_593.jpg,cardboard,PHOTO
train_cardboard_594.jpg,cardboard,DIGITAL
train_cardboard_595.jpg,cardboard,DIGITAL
train_cardboard_596.jpg,cardboard,DIGITAL
train_cardboard_597.jpg,cardboard,DIGITAL
train_cardboard_598.jpg,cardboard,DIGITAL
train_cardboard_599.jpg,cardboard,DIGITAL
train_cardboard_600.jpg,cardboard,DIGITAL
train_cardboard_601.jpg,cardboard,DIGITAL
train_cardboard_602.jpg,cardboard,DIGITAL
train_cardboard_603.jpg,cardboard,DIGITAL
train_cardboard_604.jpg,cardboard,DIGITAL
train_cardboard_605.jpg,cardboard,DIGITAL
train_cardboard_606.jpg,cardboard,DIGITAL
train_cardboard_607.jpg,cardboard,PHOTO
train_cardboard_608.jpg,cardboard,DIGITAL
train_cardboard_609.jpg,cardboard,DIGITAL
train_cardboard_610.jpg,cardboard,PHOTO
train_cardboard_611.jpg,cardboard,DIGITAL
train_cardboard_612.jpg,cardboard,PHOTO
train_cardboard_613.jpg,cardboard,DIGITAL
train_cardboard_614.jpg,cardboard,DIGITAL
train_cardboard_615.jpg,cardboard,DIGITAL
train_cardboard_616.jpg,cardboard,DIGITAL
train_cardboard_617.jpg,cardboard,DIGITAL
train_glass_000.jpg,glass,DIGITAL
train_glass_001.jpg,glass,DIGITAL
train_glass_002.jpg,glass,PHOTO
train_glass_003.jpg,glass,DIGITAL
train_glass_004.jpg,glass,PHOTO
train_glass_005.jpg,glass,PHOTO
train_glass_006.jpg,glass,DIGITAL
train_glass_007.jpg,glass,DIGITAL
train_glass_008.jpg,glass,DIGITAL
train_glass_009.jpg,glass,DIGITAL
train_glass_010.jpg,glass,PHOTO
train_glass_011.jpg,glass,PHOTO
train_glass_012.jpg,glass,DIGITAL
train_glass_013.jpg,glass,DIGITAL
train_glass_014.jpg,glass,DIGITAL
train_glass_015.jpg,glass,DIGITAL
train_glass_016.jpg,glass,DIGITAL
train_glass_017.jpg,glass,DIGITAL
train_glass_018.jpg,glass,DIGITAL
train_glass_019.jpg,glass,DIGITAL
train_glass_020.jpg,glass,PHOTO
train_glass_021.jpg,glass,DIGITAL
train_glass_022.jpg,glass,DIGITAL
train_glass_023.jpg,glass,DIGITAL
train_glass_024.jpg,glass,PHOTO
train_glass_025.jpg,glass,PHOTO
train_glass_026.jpg,glass,PHOTO
train_glass_027.jpg,glass,PHOTO
train_glass_028.jpg,glass,DIGITAL
train_glass_029.jpg,glass,DIGITAL
train_glass_030.jpg,glass,DIGITAL
train_glass_031.jpg,glass,DIGITAL
train_glass_032.jpg,glass,DIGITAL
train_glass_033.jpg,glass,DIGITAL
train_glass_034.jpg,glass,DIGITAL
train_glass_035.jpg,glass,DIGITAL
train_glass_036.jpg,glass,PHOTO
train_glass_037.jpg,glass,PHOTO
train_glass_038.jpg,glass,DIGITAL
train_glass_039.jpg,glass,PHOTO
train_glass_040.jpg,glass,PHOTO
train_glass_041.jpg,glass,DIGITAL
train_glass_042.jpg,glass,PHOTO
train_glass_043.jpg,glass,DIGITAL
train_glass_044.jpg,glass,PHOTO
train_glass_045.jpg,glass,DIGITAL
train_glass_046.jpg,glass,PHOTO
train_glass_047.jpg,glass,PHOTO
train_glass_048.jpg,glass,DIGITAL
train_glass_049.jpg,glass,DIGITAL
train_glass_050.jpg,glass,PHOTO
train_glass_051.jpg,glass,DIGITAL
train_glass_052.jpg,glass,DIGITAL
train_glass_053.jpg,glass,PHOTO
train_glass_054.jpg,glass,DIGITAL
train_glass_055.jpg,glass,DIGITAL
train_glass_056.jpg,glass,DIGITAL
train_glass_057.jpg,glass,PHOTO
train_glass_058.jpg,glass,PHOTO
train_glass_059.jpg,glass,PHOTO
train_glass_060.jpg,glass,DIGITAL
train_glass_061.jpg,glass,DIGITAL
train_glass_062.jpg,glass,PHOTO
train_glass_063.jpg,glass,DIGITAL
train_glass_064.jpg,glass,PHOTO
train_glass_065.jpg,glass,DIGITAL
train_glass_066.jpg,glass,DIGITAL
train_glass_067.jpg,glass,DIGITAL
train_glass_068.jpg,glass,PHOTO
train_glass_069.jpg,glass,DIGITAL
train_glass_070.jpg,glass,PHOTO
train_glass_071.jpg,glass,PHOTO
train_glass_072.jpg,glass,PHOTO
train_glass_073.jpg,glass,PHOTO
train_glass_074.jpg,glass,DIGITAL
train_glass_075.jpg,glass,PHOTO
train_glass_076.jpg,glass,DIGITAL
train_glass_077.jpg,glass,DIGITAL
train_glass_078.jpg,glass,PHOTO
train_glass_079.jpg,glass,DIGITAL
train_glass_080.jpg,glass,DIGITAL
train_glass_081.jpg,glass,DIGITAL
train_glass_082.jpg,glass,DIGITAL
train_glass_083.jpg,glass,DIGITAL
train_glass_084.jpg,glass,DIGITAL
train_glass_085.jpg,glass,DIGITAL
train_glass_086.jpg,glass,DIGITAL
train_glass_087.jpg,glass,DIGITAL
train_glass_088.jpg,glass,DIGITAL
train_glass_089.jpg,glass,DIGITAL
train_glass_090.jpg,glass,PHOTO
train_glass_091.jpg,glass,DIGITAL
train_glass_092.jpg,glass,DIGITAL
train_glass_093.jpg,glass,PHOTO
train_glass_094.jpg,glass,DIGITAL
train_glass_095.jpg,glass,DIGITAL
train_glass_096.jpg,glass,DIGITAL
train_glass_097.jpg,glass,DIGITAL
train_glass_098.jpg,glass,DIGITAL
train_glass_099.jpg,glass,DIGITAL
train_glass_100.jpg,glass,PHOTO
train_glass_101.jpg,glass,PHOTO
train_glass_102.jpg,glass,DIGITAL
train_glass_103.jpg,glass,DIGITAL
train_glass_104.jpg,glass,PHOTO
train_glass_105.jpg,glass,PHOTO
train_glass_106.jpg,glass,DIGITAL
train_glass_107.jpg,glass,PHOTO
train_glass_108.jpg,glass,PHOTO
train_glass_109.jpg,glass,PHOTO
train_glass_110.jpg,glass,PHOTO
train_glass_111.jpg,glass,PHOTO
train_glass_112.jpg,glass,DIGITAL
train_glass_113.jpg,glass,PHOTO
train_glass_114.jpg,glass,DIGITAL
train_glass_115.jpg,glass,DIGITAL
train_glass_116.jpg,glass,DIGITAL
train_glass_117.jpg,glass,DIGITAL
train_glass_118.jpg,glass,PHOTO
train_glass_119.jpg,glass,DIGITAL
train_glass_120.jpg,glass,PHOTO
train_glass_121.jpg,glass,DIGITAL
train_glass_122.jpg,glass,DIGITAL
train_glass_123.jpg,glass,DIGITAL
train_glass_124.jpg,glass,PHOTO
train_glass_125.jpg,glass,PHOTO
train_glass_126.jpg,glass,PHOTO
train_glass_127.jpg,glass,DIGITAL
train_glass_128.jpg,glass,DIGITAL
train_glass_129.jpg,glass,PHOTO
train_glass_130.jpg,glass,PHOTO
train_glass_131.jpg,glass,DIGITAL
train_glass_132.jpg,glass,PHOTO
train_glass_133.jpg,glass,DIGITAL
train_glass_134.jpg,glass,PHOTO
train_glass_135.jpg,glass,DIGITAL
train_glass_136.jpg,glass,DIGITAL
train_glass_137.jpg,glass,PHOTO
train_glass_138.jpg,glass,PHOTO
train_glass_139.jpg,glass,PHOTO
train_glass_140.jpg,glass,PHOTO
train_glass_141.jpg,glass,PHOTO
train_glass_142.jpg,glass,DIGITAL
train_glass_143.jpg,glass,DIGITAL
train_glass_144.jpg,glass,DIGITAL
train_glass_145.jpg,glass,DIGITAL
train_glass_146.jpg,glass,PHOTO
train_glass_147.jpg,glass,DIGITAL
train_glass_148.jpg,glass,DIGITAL
train_glass_149.jpg,glass,DIGITAL
train_glass_150.jpg,glass,DIGITAL
train_glass_151.jpg,glass,DIGITAL
train_glass_152.jpg,glass,PHOTO
train_glass_153.jpg,glass,PHOTO
train_glass_154.jpg,glass,PHOTO
train_glass_155.jpg,glass,DIGITAL
train_glass_156.jpg,glass,PHOTO
train_glass_157.jpg,glass,DIGITAL
train_glass_158.jpg,glass,DIGITAL
train_glass_159.jpg,glass,DIGITAL
train_glass_160.jpg,glass,PHOTO
train_glass_161.jpg,glass,DIGITAL
train_glass_162.jpg,glass,DIGITAL
train_glass_163.jpg,glass,DIGITAL
train_glass_164.jpg,glass,PHOTO
train_glass_165.jpg,glass,DIGITAL
train_glass_166.jpg,glass,DIGITAL
train_glass_167.jpg,glass,DIGITAL
train_glass_168.jpg,glass,DIGITAL
train_glass_169.jpg,glass,DIGITAL
train_glass_170.jpg,glass,DIGITAL
train_glass_171.jpg,glass,DIGITAL
train_glass_172.jpg,glass,PHOTO
train_glass_173.jpg,glass,DIGITAL
train_glass_174.jpg,glass,DIGITAL
train_glass_175.jpg,glass,DIGITAL
train_glass_176.jpg,glass,DIGITAL
train_glass_177.jpg,glass,DIGITAL
train_glass_178.jpg,glass,DIGITAL
train_glass_179.jpg,glass,DIGITAL
train_glass_180.jpg,glass,DIGITAL
train_glass_181.jpg,glass,DIGITAL
train_glass_182.jpg,glass,PHOTO
train_glass_183.jpg,glass,DIGITAL
train_glass_184.jpg,glass,DIGITAL
train_glass_185.jpg,glass,DIGITAL
train_glass_186.jpg,glass,PHOTO
train_glass_187.jpg,glass,DIGITAL
train_glass_188.jpg,glass,PHOTO
train_glass_189.jpg,glass,DIGITAL
train_glass_190.jpg,glass,DIGITAL
train_glass_191.jpg,glass,PHOTO
train_glass_192.jpg,glass,DIGITAL
train_glass_193.jpg,glass,PHOTO
train_glass_194.jpg,glass,DIGITAL
train_glass_195.jpg,glass,DIGITAL
train_glass_196.jpg,glass,DIGITAL
train_glass_197.jpg,glass,DIGITAL
train_glass_198.jpg,glass,DIGITAL
train_glass_199.jpg,glass,PHOTO
train_glass_200.jpg,glass,DIGITAL
train_glass_201.jpg,glass,PHOTO
train_glass_202.jpg,glass,DIGITAL
train_glass_203.jpg,glass,DIGITAL
train_glass_204.jpg,glass,PHOTO
train_glass_205.jpg,glass,PHOTO
train_glass_206.jpg,glass,DIGITAL
train_glass_207.jpg,glass,PHOTO
train_glass_208.jpg,glass,DIGITAL
train_glass_209.jpg,glass,DIGITAL
train_glass_210.jpg,glass,DIGITAL
train_glass_211.jpg,glass,PHOTO
train_glass_212.jpg,glass,PHOTO
train_glass_213.jpg,glass,PHOTO
train_glass_214.jpg,glass,DIGITAL
train_glass_215.jpg,glass,DIGITAL
train_glass_216.jpg,glass,DIGITAL
train_glass_217.jpg,glass,DIGITAL
train_glass_218.jpg,glass,DIGITAL
train_glass_219.jpg,glass,PHOTO
train_glass_220.jpg,glass,DIGITAL
train_glass_221.jpg,glass,PHOTO
train_glass_222.jpg,glass,DIGITAL
train_glass_223.jpg,glass,DIGITAL
train_glass_224.jpg,glass,PHOTO
train_glass_225.jpg,glass,DIGITAL
train_glass_226.jpg,glass,PHOTO
train_glass_227.jpg,glass,PHOTO
train_glass_228.jpg,glass,DIGITAL
train_glass_229.jpg,glass,DIGITAL
train_glass_230.jpg,glass,PHOTO
train_glass_231.jpg,glass,DIGITAL
train_glass_232.jpg,glass,DIGITAL
train_glass_233.jpg,glass,DIGITAL
train_glass_234.jpg,glass,PHOTO
train_glass_235.jpg,glass,PHOTO
train_glass_236.jpg,glass,DIGITAL
train_glass_237.jpg,glass,DIGITAL
train_glass_238.jpg,glass,PHOTO
train_glass_239.jpg,glass,PHOTO
train_glass_240.jpg,glass,DIGITAL
train_glass_241.jpg,glass,DIGITAL
train_glass_242.jpg,glass,DIGITAL
train_glass_243.jpg,glass,DIGITAL
train_glass_244.jpg,glass,PHOTO
train_glass_245.jpg,glass,DIGITAL
train_glass_246.jpg,glass,DIGITAL
train_glass_247.jpg,glass,PHOTO
train_glass_248.jpg,glass,DIGITAL
train_glass_249.jpg,glass,PHOTO
train_glass_250.jpg,glass,DIGITAL
train_glass_251.jpg,glass,PHOTO
train_glass_252.jpg,glass,DIGITAL
train_glass_253.jpg,glass,DIGITAL
train_glass_254.jpg,glass,DIGITAL
train_glass_255.jpg,glass,PHOTO
train_glass_256.jpg,glass,PHOTO
train_glass_257.jpg,glass,PHOTO
train_glass_258.jpg,glass,PHOTO
train_glass_259.jpg,glass,DIGITAL
train_glass_260.jpg,glass,DIGITAL
train_glass_261.jpg,glass,PHOTO
train_glass_262.jpg,glass,DIGITAL
train_glass_263.jpg,glass,DIGITAL
train_glass_264.jpg,glass,DIGITAL
train_glass_265.jpg,glass,DIGITAL
train_glass_266.jpg,glass,DIGITAL
train_glass_267.jpg,glass,PHOTO
train_glass_268.jpg,glass,DIGITAL
train_glass_269.jpg,glass,PHOTO
train_glass_270.jpg,glass,PHOTO
train_glass_271.jpg,glass,PHOTO
train_glass_272.jpg,glass,PHOTO
train_glass_273.jpg,glass,DIGITAL
train_glass_274.jpg,glass,DIGITAL
train_glass_275.jpg,glass,DIGITAL
train_glass_276.jpg,glass,DIGITAL
train_glass_277.jpg,glass,DIGITAL
train_glass_278.jpg,glass,DIGITAL
train_glass_279.jpg,glass,DIGITAL
train_glass_280.jpg,glass,DIGITAL
train_glass_281.jpg,glass,PHOTO
train_glass_282.jpg,glass,PHOTO
train_glass_283.jpg,glass,DIGITAL
train_glass_284.jpg,glass,DIGITAL
train_glass_285.jpg,glass,DIGITAL
train_glass_286.jpg,glass,PHOTO
train_glass_287.jpg,glass,DIGITAL
train_glass_288.jpg,glass,DIGITAL
train_glass_289.jpg,glass,PHOTO
train_glass_290.jpg,glass,DIGITAL
train_glass_291.jpg,glass,DIGITAL
train_glass_292.jpg,glass,PHOTO
train_glass_293.jpg,glass,DIGITAL
train_glass_294.jpg,glass,DIGITAL
train_glass_295.jpg,glass,DIGITAL
train_glass_296.jpg,glass,DIGITAL
train_glass_297.jpg,glass,PHOTO
train_glass_298.jpg,glass,PHOTO
train_glass_299.jpg,glass,DIGITAL
train_glass_300.jpg,glass,PHOTO
train_glass_301.jpg,glass,PHOTO
train_glass_302.jpg,glass,DIGITAL
train_glass_303.jpg,glass,PHOTO
train_glass_304.jpg,glass,PHOTO
train_glass_305.jpg,glass,DIGITAL
train_glass_306.jpg,glass,PHOTO
train_glass_307.jpg,glass,DIGITAL
train_glass_308.jpg,glass,DIGITAL
train_glass_309.jpg,glass,PHOTO
train_glass_310.jpg,glass,DIGITAL
train_glass_311.jpg,glass,DIGITAL
train_glass_312.jpg,glass,PHOTO
train_glass_313.jpg,glass,DIGITAL
train_glass_314.jpg,glass,DIGITAL
train_glass_315.jpg,glass,DIGITAL
train_glass_316.jpg,glass,PHOTO
train_glass_317.jpg,glass,DIGITAL
train_glass_318.jpg,glass,DIGITAL
train_glass_319.jpg,glass,DIGITAL
train_glass_320.jpg,glass,DIGITAL
train_glass_321.jpg,glass,PHOTO
train_glass_322.jpg,glass,DIGITAL
train_glass_323.jpg,glass,PHOTO
train_glass_324.jpg,glass,DIGITAL
train_glass_325.jpg,glass,PHOTO
train_glass_326.jpg,glass,DIGITAL
train_glass_327.jpg,glass,DIGITAL
train_glass_328.jpg,glass,DIGITAL
train_glass_329.jpg,glass,DIGITAL
train_glass_330.jpg,glass,DIGITAL
train_glass_331.jpg,glass,DIGITAL
train_glass_332.jpg,glass,DIGITAL
train_glass_333.jpg,glass,DIGITAL
train_glass_334.jpg,glass,DIGITAL
train_glass_335.jpg,glass,DIGITAL
train_glass_336.jpg,glass,DIGITAL
train_glass_337.jpg,glass,PHOTO
train_glass_338.jpg,glass,DIGITAL
train_glass_339.jpg,glass,PHOTO
train_glass_340.jpg,glass,PHOTO
train_glass_341.jpg,glass,PHOTO
train_glass_342.jpg,glass,DIGITAL
train_glass_343.jpg,glass,DIGITAL
train_glass_344.jpg,glass,DIGITAL
train_glass_345.jpg,glass,PHOTO
train_glass_346.jpg,glass,DIGITAL
train_glass_347.jpg,glass,PHOTO
train_glass_348.jpg,glass,PHOTO
train_glass_349.jpg,glass,PHOTO
train_glass_350.jpg,glass,DIGITAL
train_glass_351.jpg,glass,DIGITAL
train_glass_352.jpg,glass,DIGITAL
train_glass_353.jpg,glass,DIGITAL
train_glass_354.jpg,glass,DIGITAL
train_glass_355.jpg,glass,DIGITAL
train_glass_356.jpg,glass,DIGITAL
train_glass_357.jpg,glass,DIGITAL
train_glass_358.jpg,glass,PHOTO
train_glass_359.jpg,glass,DIGITAL
train_glass_360.jpg,glass,DIGITAL
train_glass_361.jpg,glass,DIGITAL
train_glass_362.jpg,glass,DIGITAL
train_glass_363.jpg,glass,PHOTO
train_glass_364.jpg,glass,DIGITAL
train_glass_365.jpg,glass,PHOTO
train_glass_366.jpg,glass,PHOTO
train_glass_367.jpg,glass,DIGITAL
train_glass_368.jpg,glass,PHOTO
train_glass_369.jpg,glass,DIGITAL
train_glass_370.jpg,glass,DIGITAL
train_glass_371.jpg,glass,DIGITAL
train_glass_372.jpg,glass,PHOTO
train_glass_373.jpg,glass,DIGITAL
train_glass_374.jpg,glass,PHOTO
train_glass_375.jpg,glass,DIGITAL
train_glass_376.jpg,glass,DIGITAL
train_glass_377.jpg,glass,PHOTO
train_glass_378.jpg,glass,DIGITAL
train_glass_379.jpg,glass,DIGITAL
train_glass_380.jpg,glass,DIGITAL
train_glass_381.jpg,glass,PHOTO
train_glass_382.jpg,glass,DIGITAL
train_glass_383.jpg,glass,DIGITAL
train_glass_384.jpg,glass,DIGITAL
train_glass_385.jpg,glass,DIGITAL
train_glass_386.jpg,glass,PHOTO
train_glass_387.jpg,glass,PHOTO
train_glass_388.jpg,glass,DIGITAL
train_glass_389.jpg,glass,DIGITAL
train_glass_390.jpg,glass,DIGITAL
train_glass_391.jpg,glass,PHOTO
train_glass_392.jpg,glass,DIGITAL
train_glass_393.jpg,glass,DIGITAL
train_glass_394.jpg,glass,PHOTO
train_glass_395.jpg,glass,DIGITAL
train_glass_396.jpg,glass,PHOTO
train_glass_397.jpg,glass,DIGITAL
train_glass_398.jpg,glass,DIGITAL
train_glass_399.jpg,glass,PHOTO
train_glass_400.jpg,glass,DIGITAL
train_glass_401.jpg,glass,DIGITAL
train_glass_402.jpg,glass,PHOTO
train_glass_403.jpg,glass,DIGITAL
train_glass_404.jpg,glass,DIGITAL
train_glass_405.jpg,glass,DIGITAL
train_glass_406.jpg,glass,DIGITAL
train_glass_407.jpg,glass,DIGITAL
train_glass_408.jpg,glass,DIGITAL
train_glass_409.jpg,glass,PHOTO
train_glass_410.jpg,glass,DIGITAL
train_glass_411.jpg,glass,DIGITAL
train_glass_412.jpg,glass,DIGITAL
train_glass_413.jpg,glass,PHOTO
train_glass_414.jpg,glass,DIGITAL
train_glass_415.jpg,glass,DIGITAL
train_glass_416.jpg,glass,DIGITAL
train_glass_417.jpg,glass,DIGITAL
train_glass_418.jpg,glass,PHOTO
train_glass_419.jpg,glass,DIGITAL
train_glass_420.jpg,glass,DIGITAL
train_glass_421.jpg,glass,PHOTO
train_glass_422.jpg,glass,DIGITAL
train_glass_423.jpg,glass,DIGITAL
train_glass_424.jpg,glass,PHOTO
train_glass_425.jpg,glass,DIGITAL
train_glass_426.jpg,glass,DIGITAL
train_glass_427.jpg,glass,PHOTO
train_glass_428.jpg,glass,DIGITAL
train_glass_429.jpg,glass,PHOTO
train_glass_430.jpg,glass,DIGITAL
train_glass_431.jpg,glass,PHOTO
train_glass_432.jpg,glass,DIGITAL
train_glass_433.jpg,glass,DIGITAL
train_glass_434.jpg,glass,DIGITAL
train_glass_435.jpg,glass,DIGITAL
train_glass_436.jpg,glass,DIGITAL
train_glass_437.jpg,glass,DIGITAL
train_glass_438.jpg,glass,DIGITAL
train_glass_439.jpg,glass,DIGITAL
train_glass_440.jpg,glass,PHOTO
train_glass_441.jpg,glass,PHOTO
train_glass_442.jpg,glass,PHOTO
train_glass_443.jpg,glass,DIGITAL
train_glass_444.jpg,glass,DIGITAL
train_glass_445.jpg,glass,PHOTO
train_glass_446.jpg,glass,DIGITAL
train_glass_447.jpg,glass,DIGITAL
train_glass_448.jpg,glass,DIGITAL
train_glass_449.jpg,glass,PHOTO
train_glass_450.jpg,glass,DIGITAL
train_glass_451.jpg,glass,DIGITAL
train_glass_452.jpg,glass,DIGITAL
train_glass_453.jpg,glass,DIGITAL
train_glass_454.jpg,glass,DIGITAL
train_glass_455.jpg,glass,PHOTO
train_glass_456.jpg,glass,PHOTO
train_glass_457.jpg,glass,PHOTO
train_glass_458.jpg,glass,DIGITAL
train_glass_459.jpg,glass,DIGITAL
train_glass_460.jpg,glass,PHOTO
train_glass_461.jpg,glass,DIGITAL
train_glass_462.jpg,glass,DIGITAL
train_glass_463.jpg,glass,DIGITAL
train_glass_464.jpg,glass,PHOTO
train_glass_465.jpg,glass,DIGITAL
train_glass_466.jpg,glass,DIGITAL
train_glass_467.jpg,glass,DIGITAL
train_glass_468.jpg,glass,DIGITAL
train_glass_469.jpg,glass,DIGITAL
train_glass_470.jpg,glass,DIGITAL
train_glass_471.jpg,glass,DIGITAL
train_glass_472.jpg,glass,DIGITAL
train_glass_473.jpg,glass,DIGITAL
train_glass_474.jpg,glass,PHOTO
train_glass_475.jpg,glass,DIGITAL
train_glass_476.jpg,glass,PHOTO
train_glass_477.jpg,glass,DIGITAL
train_glass_478.jpg,glass,PHOTO
train_glass_479.jpg,glass,PHOTO
train_glass_480.jpg,glass,PHOTO
train_glass_481.jpg,glass,DIGITAL
train_glass_482.jpg,glass,DIGITAL
train_glass_483.jpg,glass,DIGITAL
train_glass_484.jpg,glass,DIGITAL
train_glass_485.jpg,glass,DIGITAL
train_glass_486.jpg,glass,DIGITAL
train_glass_487.jpg,glass,DIGITAL
train_glass_488.jpg,glass,DIGITAL
train_glass_489.jpg,glass,DIGITAL
train_glass_490.jpg,glass,DIGITAL
train_glass_491.jpg,glass,PHOTO
train_glass_492.jpg,glass,DIGITAL
train_glass_493.jpg,glass,PHOTO
train_glass_494.jpg,glass,PHOTO
train_glass_495.jpg,glass,DIGITAL
train_glass_496.jpg,glass,DIGITAL
train_glass_497.jpg,glass,PHOTO
train_glass_498.jpg,glass,DIGITAL
train_glass_499.jpg,glass,PHOTO
train_glass_500.jpg,glass,DIGITAL
train_glass_501.jpg,glass,PHOTO
train_glass_502.jpg,glass,DIGITAL
train_glass_503.jpg,glass,DIGITAL
train_glass_504.jpg,glass,DIGITAL
train_glass_505.jpg,glass,DIGITAL
train_glass_506.jpg,glass,DIGITAL
train_glass_507.jpg,glass,PHOTO
train_glass_508.jpg,glass,DIGITAL
train_glass_509.jpg,glass,DIGITAL
train_glass_510.jpg,glass,PHOTO
train_glass_511.jpg,glass,DIGITAL
train_glass_512.jpg,glass,DIGITAL
train_glass_513.jpg,glass,DIGITAL
train_glass_514.jpg,glass,DIGITAL
train_glass_515.jpg,glass,PHOTO
train_glass_516.jpg,glass,DIGITAL
train_glass_517.jpg,glass,DIGITAL
train_glass_518.jpg,glass,DIGITAL
train_glass_519.jpg,glass,PHOTO
train_glass_520.jpg,glass,DIGITAL
train_glass_521.jpg,glass,PHOTO
train_glass_522.jpg,glass,DIGITAL
train_glass_523.jpg,glass,DIGITAL
train_glass_524.jpg,glass,DIGITAL
train_glass_525.jpg,glass,DIGITAL
train_glass_526.jpg,glass,DIGITAL
train_glass_527.jpg,glass,DIGITAL
train_glass_528.jpg,glass,DIGITAL
train_glass_529.jpg,glass,PHOTO
train_glass_530.jpg,glass,DIGITAL
train_glass_531.jpg,glass,DIGITAL
train_glass_532.jpg,glass,DIGITAL
train_glass_533.jpg,glass,DIGITAL
train_glass_534.jpg,glass,DIGITAL
train_glass_535.jpg,glass,PHOTO
train_glass_536.jpg,glass,PHOTO
train_glass_537.jpg,glass,DIGITAL
train_glass_538.jpg,glass,PHOTO
train_glass_539.jpg,glass,PHOTO
train_glass_540.jpg,glass,PHOTO
train_glass_541.jpg,glass,DIGITAL
train_glass_542.jpg,glass,PHOTO
train_glass_543.jpg,glass,DIGITAL
train_glass_544.jpg,glass,PHOTO
train_glass_545.jpg,glass,PHOTO
train_glass_546.jpg,glass,DIGITAL
train_glass_547.jpg,glass,PHOTO
train_glass_548.jpg,glass,PHOTO
train_glass_549.jpg,glass,PHOTO
train_glass_550.jpg,glass,DIGITAL
train_glass_551.jpg,glass,PHOTO
train_glass_552.jpg,glass,PHOTO
train_glass_553.jpg,glass,DIGITAL
train_glass_554.jpg,glass,DIGITAL
train_glass_555.jpg,glass,PHOTO
train_glass_556.jpg,glass,DIGITAL
train_glass_557.jpg,glass,DIGITAL
train_glass_558.jpg,glass,DIGITAL
train_glass_559.jpg,glass,PHOTO
train_glass_560.jpg,glass,DIGITAL
train_glass_561.jpg,glass,DIGITAL
train_glass_562.jpg,glass,DIGITAL
train_glass_563.jpg,glass,DIGITAL
train_glass_564.jpg,glass,PHOTO
train_glass_565.jpg,glass,PHOTO
train_glass_566.jpg,glass,PHOTO
train_glass_567.jpg,glass,DIGITAL
train_glass_568.jpg,glass,PHOTO
train_glass_569.jpg,glass,DIGITAL
train_glass_570.jpg,glass,PHOTO
train_glass_571.jpg,glass,PHOTO
train_glass_572.jpg,glass,DIGITAL
train_glass_573.jpg,glass,DIGITAL
train_glass_574.jpg,glass,PHOTO
train_glass_575.jpg,glass,PHOTO
train_glass_576.jpg,glass,PHOTO
train_glass_577.jpg,glass,DIGITAL
train_glass_578.jpg,glass,DIGITAL
train_glass_579.jpg,glass,DIGITAL
train_glass_580.jpg,glass,PHOTO
train_glass_581.jpg,glass,DIGITAL
train_glass_582.jpg,glass,PHOTO
train_glass_583.jpg,glass,PHOTO
train_glass_584.jpg,glass,PHOTO
train_glass_585.jpg,glass,DIGITAL
train_glass_586.jpg,glass,DIGITAL
train_glass_587.jpg,glass,DIGITAL
train_glass_588.jpg,glass,DIGITAL
train_glass_589.jpg,glass,DIGITAL
train_glass_590.jpg,glass,PHOTO
train_glass_591.jpg,glass,DIGITAL
train_glass_592.jpg,glass,PHOTO
train_glass_593.jpg,glass,DIGITAL
train_glass_594.jpg,glass,DIGITAL
train_glass_595.jpg,glass,DIGITAL
train_glass_596.jpg,glass,DIGITAL
train_glass_597.jpg,glass,DIGITAL
train_glass_598.jpg,glass,DIGITAL
train_glass_599.jpg,glass,DIGITAL
train_glass_600.jpg,glass,PHOTO
train_glass_601.jpg,glass,DIGITAL
train_glass_602.jpg,glass,PHOTO
train_glass_603.jpg,glass,PHOTO
train_glass_604.jpg,glass,PHOTO
train_glass_605.jpg,glass,DIGITAL
train_glass_606.jpg,glass,DIGITAL
train_glass_607.jpg,glass,DIGITAL
train_glass_608.jpg,glass,PHOTO
train_glass_609.jpg,glass,DIGITAL
train_glass_610.jpg,glass,DIGITAL
train_glass_611.jpg,glass,PHOTO
train_glass_612.jpg,glass,PHOTO
train_glass_613.jpg,glass,DIGITAL
train_glass_614.jpg,glass,PHOTO
train_glass_615.jpg,glass,DIGITAL
train_glass_616.jpg,glass,DIGITAL
train_glass_617.jpg,glass,DIGITAL
train_glass_618.jpg,glass,DIGITAL
train_glass_619.jpg,glass,PHOTO
train_glass_620.jpg,glass,DIGITAL
train_glass_621.jpg,glass,PHOTO
train_glass_622.jpg,glass,DIGITAL
train_glass_623.jpg,glass,DIGITAL
train_glass_624.jpg,glass,DIGITAL
train_glass_625.jpg,glass,DIGITAL
train_glass_626.jpg,glass,DIGITAL
train_glass_627.jpg,glass,PHOTO
train_glass_628.jpg,glass,PHOTO
train_glass_629.jpg,glass,DIGITAL
train_glass_630.jpg,glass,DIGITAL
train_glass_631.jpg,glass,DIGITAL
train_glass_632.jpg,glass,PHOTO
train_glass_633.jpg,glass,DIGITAL
train_glass_634.jpg,glass,PHOTO
train_glass_635.jpg,glass,PHOTO
train_glass_636.jpg,glass,DIGITAL
train_glass_637.jpg,glass,DIGITAL
train_glass_638.jpg,glass,PHOTO
train_glass_639.jpg,glass,DIGITAL
train_glass_640.jpg,glass,DIGITAL
train_glass_641.jpg,glass,DIGITAL
train_glass_642.jpg,glass,PHOTO
train_glass_643.jpg,glass,DIGITAL
train_glass_644.jpg,glass,DIGITAL
train_glass_645.jpg,glass,DIGITAL
train_glass_646.jpg,glass,DIGITAL
train_glass_647.jpg,glass,DIGITAL
train_glass_648.jpg,glass,DIGITAL
train_glass_649.jpg,glass,PHOTO
train_glass_650.jpg,glass,DIGITAL
train_glass_651.jpg,glass,DIGITAL
train_glass_652.jpg,glass,PHOTO
train_glass_653.jpg,glass,DIGITAL
train_glass_654.jpg,glass,PHOTO
train_glass_655.jpg,glass,DIGITAL
train_glass_656.jpg,glass,PHOTO
train_glass_657.jpg,glass,DIGITAL
train_glass_658.jpg,glass,DIGITAL
train_glass_659.jpg,glass,DIGITAL
train_glass_660.jpg,glass,PHOTO
train_glass_661.jpg,glass,PHOTO
train_glass_662.jpg,glass,DIGITAL
train_glass_663.jpg,glass,DIGITAL
train_glass_664.jpg,glass,DIGITAL
train_glass_665.jpg,glass,DIGITAL
train_glass_666.jpg,glass,DIGITAL
train_glass_667.jpg,glass,PHOTO
train_glass_668.jpg,glass,PHOTO
train_glass_669.jpg,glass,DIGITAL
train_glass_670.jpg,glass,DIGITAL
train_glass_671.jpg,glass,PHOTO
train_glass_672.jpg,glass,DIGITAL
train_glass_673.jpg,glass,PHOTO
train_glass_674.jpg,glass,PHOTO
train_glass_675.jpg,glass,DIGITAL
train_glass_676.jpg,glass,DIGITAL
train_glass_677.jpg,glass,DIGITAL
train_glass_678.jpg,glass,PHOTO
train_glass_679.jpg,glass,DIGITAL
train_glass_680.jpg,glass,DIGITAL
train_glass_681.jpg,glass,DIGITAL
train_glass_682.jpg,glass,DIGITAL
train_glass_683.jpg,glass,DIGITAL
train_glass_684.jpg,glass,DIGITAL
train_glass_685.jpg,glass,PHOTO
train_glass_686.jpg,glass,PHOTO
train_glass_687.jpg,glass,DIGITAL
train_glass_688.jpg,glass,DIGITAL
train_glass_689.jpg,glass,DIGITAL
train_glass_690.jpg,glass,DIGITAL
train_glass_691.jpg,glass,DIGITAL
train_glass_692.jpg,glass,DIGITAL
train_glass_693.jpg,glass,PHOTO
train_glass_694.jpg,glass,DIGITAL
train_glass_695.jpg,glass,DIGITAL
train_glass_696.jpg,glass,DIGITAL
train_glass_697.jpg,glass,DIGITAL
train_glass_698.jpg,glass,DIGITAL
train_glass_699.jpg,glass,DIGITAL
train_glass_700.jpg,glass,PHOTO
train_glass_701.jpg,glass,DIGITAL
train_glass_702.jpg,glass,DIGITAL
train_glass_703.jpg,glass,DIGITAL
train_glass_704.jpg,glass,DIGITAL
train_glass_705.jpg,glass,DIGITAL
train_glass_706.jpg,glass,PHOTO
train_glass_707.jpg,glass,DIGITAL
train_glass_708.jpg,glass,PHOTO
train_glass_709.jpg,glass,DIGITAL
train_glass_710.jpg,glass,DIGITAL
train_glass_711.jpg,glass,DIGITAL
train_glass_712.jpg,glass,DIGITAL
train_glass_713.jpg,glass,DIGITAL
train_glass_714.jpg,glass,DIGITAL
train_glass_715.jpg,glass,DIGITAL
train_glass_716.jpg,glass,DIGITAL
train_glass_717.jpg,glass,PHOTO
train_glass_718.jpg,glass,DIGITAL
train_glass_719.jpg,glass,DIGITAL
train_glass_720.jpg,glass,PHOTO
train_glass_721.jpg,glass,DIGITAL
train_glass_722.jpg,glass,DIGITAL
train_glass_723.jpg,glass,PHOTO
train_glass_724.jpg,glass,PHOTO
train_glass_725.jpg,glass,PHOTO
train_glass_726.jpg,glass,DIGITAL
train_glass_727.jpg,glass,DIGITAL
train_glass_728.jpg,glass,DIGITAL
train_glass_729.jpg,glass,DIGITAL
train_glass_730.jpg,glass,DIGITAL
train_glass_731.jpg,glass,PHOTO
train_glass_732.jpg,glass,DIGITAL
train_glass_733.jpg,glass,DIGITAL
train_glass_734.jpg,glass,DIGITAL
train_glass_735.jpg,glass,PHOTO
train_glass_736.jpg,glass,DIGITAL
train_glass_737.jpg,glass,DIGITAL
train_glass_738.jpg,glass,DIGITAL
train_glass_739.jpg,glass,DIGITAL
train_glass_740.jpg,glass,DIGITAL
train_glass_741.jpg,glass,PHOTO
train_glass_742.jpg,glass,PHOTO
train_glass_743.jpg,glass,PHOTO
train_glass_744.jpg,glass,PHOTO
train_glass_745.jpg,glass,PHOTO
train_glass_746.jpg,glass,PHOTO
train_glass_747.jpg,glass,DIGITAL
train_glass_748.jpg,glass,PHOTO
train_glass_749.jpg,glass,DIGITAL
train_glass_750.jpg,glass,DIGITAL
train_glass_751.jpg,glass,PHOTO
train_glass_752.jpg,glass,PHOTO
train_glass_753.jpg,glass,DIGITAL
train_glass_754.jpg,glass,PHOTO
train_glass_755.jpg,glass,DIGITAL
train_glass_756.jpg,glass,DIGITAL
train_glass_757.jpg,glass,DIGITAL
train_glass_758.jpg,glass,DIGITAL
train_glass_759.jpg,glass,DIGITAL
train_glass_760.jpg,glass,PHOTO
train_glass_761.jpg,glass,PHOTO
train_glass_762.jpg,glass,DIGITAL
train_glass_763.jpg,glass,PHOTO
train_glass_764.jpg,glass,DIGITAL
train_glass_765.jpg,glass,PHOTO
train_glass_766.jpg,glass,PHOTO
train_glass_767.jpg,glass,DIGITAL
train_glass_768.jpg,glass,DIGITAL
train_glass_769.jpg,glass,PHOTO
train_glass_770.jpg,glass,DIGITAL
train_glass_771.jpg,glass,DIGITAL
train_glass_772.jpg,glass,DIGITAL
train_glass_773.jpg,glass,PHOTO
train_glass_774.jpg,glass,DIGITAL
train_glass_775.jpg,glass,DIGITAL
train_glass_776.jpg,glass,PHOTO
train_glass_777.jpg,glass,PHOTO
train_glass_778.jpg,glass,DIGITAL
train_glass_779.jpg,glass,PHOTO
train_glass_780.jpg,glass,DIGITAL
train_glass_781.jpg,glass,PHOTO
train_glass_782.jpg,glass,DIGITAL
train_glass_783.jpg,glass,DIGITAL
train_glass_784.jpg,glass,DIGITAL
train_glass_785.jpg,glass,PHOTO
train_glass_786.jpg,glass,DIGITAL
train_glass_787.jpg,glass,PHOTO
train_glass_788.jpg,glass,PHOTO
train_glass_789.jpg,glass,PHOTO
train_glass_790.jpg,glass,DIGITAL
train_glass_791.jpg,glass,DIGITAL
train_glass_792.jpg,glass,PHOTO
train_glass_793.jpg,glass,PHOTO
train_glass_794.jpg,glass,PHOTO
train_glass_795.jpg,glass,DIGITAL
train_glass_796.jpg,glass,PHOTO
train_glass_797.jpg,glass,PHOTO
train_glass_798.jpg,glass,DIGITAL
train_glass_799.jpg,glass,DIGITAL
train_glass_800.jpg,glass,DIGITAL
train_glass_801.jpg,glass,PHOTO
train_glass_802.jpg,glass,PHOTO
train_glass_803.jpg,glass,DIGITAL
train_glass_804.jpg,glass,DIGITAL
train_glass_805.jpg,glass,DIGITAL
train_glass_806.jpg,glass,PHOTO
train_glass_807.jpg,glass,DIGITAL
train_glass_808.jpg,glass,PHOTO
train_glass_809.jpg,glass,DIGITAL
train_glass_810.jpg,glass,PHOTO
train_glass_811.jpg,glass,DIGITAL
train_glass_812.jpg,glass,DIGITAL
train_glass_813.jpg,glass,DIGITAL
train_glass_814.jpg,glass,DIGITAL
train_glass_815.jpg,glass,PHOTO
train_glass_816.jpg,glass,DIGITAL
train_glass_817.jpg,glass,PHOTO
train_glass_818.jpg,glass,PHOTO
train_glass_819.jpg,glass,DIGITAL
train_glass_820.jpg,glass,DIGITAL
train_glass_821.jpg,glass,DIGITAL
train_glass_822.jpg,glass,DIGITAL
train_glass_823.jpg,glass,DIGITAL
train_glass_824.jpg,glass,PHOTO
train_glass_825.jpg,glass,DIGITAL
train_glass_826.jpg,glass,PHOTO
train_glass_827.jpg,glass,DIGITAL
train_glass_828.jpg,glass,DIGITAL
train_glass_829.jpg,glass,PHOTO
train_glass_830.jpg,glass,DIGITAL
train_glass_831.jpg,glass,PHOTO
train_glass_832.jpg,glass,PHOTO
train_glass_833.jpg,glass,DIGITAL
train_glass_834.jpg,glass,PHOTO
train_glass_835.jpg,glass,DIGITAL
train_glass_836.jpg,glass,DIGITAL
train_glass_837.jpg,glass,PHOTO
train_glass_838.jpg,glass,PHOTO
train_glass_839.jpg,glass,DIGITAL
train_glass_840.jpg,glass,DIGITAL
train_glass_841.jpg,glass,DIGITAL
train_glass_842.jpg,glass,DIGITAL
train_glass_843.jpg,glass,DIGITAL
train_glass_844.jpg,glass,DIGITAL
train_glass_845.jpg,glass,DIGITAL
train_glass_846.jpg,glass,DIGITAL
train_glass_847.jpg,glass,PHOTO
train_glass_848.jpg,glass,PHOTO
train_glass_849.jpg,glass,PHOTO
train_glass_850.jpg,glass,PHOTO
train_glass_851.jpg,glass,DIGITAL
train_glass_852.jpg,glass,PHOTO
train_glass_853.jpg,glass,DIGITAL
train_glass_854.jpg,glass,PHOTO
train_glass_855.jpg,glass,PHOTO
train_glass_856.jpg,glass,PHOTO
train_glass_857.jpg,glass,PHOTO
train_glass_858.jpg,glass,DIGITAL
train_glass_859.jpg,glass,PHOTO
train_glass_860.jpg,glass,DIGITAL
train_glass_861.jpg,glass,DIGITAL
train_glass_862.jpg,glass,PHOTO
train_glass_863.jpg,glass,PHOTO
train_glass_864.jpg,glass,PHOTO
train_glass_865.jpg,glass,PHOTO
train_glass_866.jpg,glass,PHOTO
train_glass_867.jpg,glass,PHOTO
train_glass_868.jpg,glass,PHOTO
train_glass_869.jpg,glass,PHOTO
train_glass_870.jpg,glass,DIGITAL
train_glass_871.jpg,glass,PHOTO
train_glass_872.jpg,glass,DIGITAL
train_glass_873.jpg,glass,DIGITAL
train_glass_874.jpg,glass,PHOTO
train_glass_875.jpg,glass,DIGITAL
train_glass_876.jpg,glass,DIGITAL
train_glass_877.jpg,glass,DIGITAL
train_glass_878.jpg,glass,DIGITAL
train_glass_879.jpg,glass,DIGITAL
train_glass_880.jpg,glass,DIGITAL
train_glass_881.jpg,glass,DIGITAL
train_glass_882.jpg,glass,PHOTO
train_glass_883.jpg,glass,DIGITAL
train_glass_884.jpg,glass,DIGITAL
train_glass_885.jpg,glass,DIGITAL
train_glass_886.jpg,glass,PHOTO
train_glass_887.jpg,glass,DIGITAL
train_glass_888.jpg,glass,PHOTO
train_glass_889.jpg,glass,PHOTO
train_glass_890.jpg,glass,PHOTO
train_glass_891.jpg,glass,DIGITAL
train_glass_892.jpg,glass,DIGITAL
train_glass_893.jpg,glass,PHOTO
train_glass_894.jpg,glass,DIGITAL
train_glass_895.jpg,glass,PHOTO
train_glass_896.jpg,glass,DIGITAL
train_glass_897.jpg,glass,DIGITAL
train_glass_898.jpg,glass,DIGITAL
train_glass_899.jpg,glass,DIGITAL
train_glass_900.jpg,glass,DIGITAL
train_glass_901.jpg,glass,DIGITAL
train_glass_902.jpg,glass,DIGITAL
train_glass_903.jpg,glass,DIGITAL
train_glass_904.jpg,glass,DIGITAL
train_glass_905.jpg,glass,PHOTO
train_glass_906.jpg,glass,PHOTO
train_glass_907.jpg,glass,DIGITAL
train_glass_908.jpg,glass,PHOTO
train_glass_909.jpg,glass,DIGITAL
train_glass_910.jpg,glass,DIGITAL
train_glass_911.jpg,glass,PHOTO
train_glass_912.jpg,glass,PHOTO
train_glass_913.jpg,glass,PHOTO
train_glass_914.jpg,glass,DIGITAL
train_glass_915.jpg,glass,DIGITAL
train_glass_916.jpg,glass,PHOTO
train_glass_917.jpg,glass,PHOTO
train_glass_918.jpg,glass,DIGITAL
train_glass_919.jpg,glass,DIGITAL
train_glass_920.jpg,glass,DIGITAL
train_glass_921.jpg,glass,PHOTO
train_glass_922.jpg,glass,DIGITAL
train_glass_923.jpg,glass,DIGITAL
train_glass_924.jpg,glass,DIGITAL
train_glass_925.jpg,glass,DIGITAL
train_glass_926.jpg,glass,DIGITAL
train_glass_927.jpg,glass,DIGITAL
train_glass_928.jpg,glass,DIGITAL
train_glass_929.jpg,glass,DIGITAL
train_glass_930.jpg,glass,PHOTO
train_glass_931.jpg,glass,PHOTO
train_glass_932.jpg,glass,PHOTO
train_glass_933.jpg,glass,DIGITAL
train_glass_934.jpg,glass,DIGITAL
train_glass_935.jpg,glass,PHOTO
train_glass_936.jpg,glass,DIGITAL
train_glass_937.jpg,glass,PHOTO
train_glass_938.jpg,glass,DIGITAL
train_glass_939.jpg,glass,DIGITAL
train_glass_940.jpg,glass,DIGITAL
train_glass_941.jpg,glass,PHOTO
train_glass_942.jpg,glass,PHOTO
train_glass_943.jpg,glass,PHOTO
train_glass_944.jpg,glass,DIGITAL
train_glass_945.jpg,glass,DIGITAL
train_glass_946.jpg,glass,DIGITAL
train_glass_947.jpg,glass,DIGITAL
train_glass_948.jpg,glass,PHOTO
train_glass_949.jpg,glass,DIGITAL
train_glass_950.jpg,glass,DIGITAL
train_glass_951.jpg,glass,DIGITAL
train_glass_952.jpg,glass,DIGITAL
train_glass_953.jpg,glass,PHOTO
train_glass_954.jpg,glass,DIGITAL
train_glass_955.jpg,glass,PHOTO
train_glass_956.jpg,glass,DIGITAL
train_glass_957.jpg,glass,DIGITAL
train_glass_958.jpg,glass,DIGITAL
train_glass_959.jpg,glass,PHOTO
train_glass_960.jpg,glass,DIGITAL
train_glass_961.jpg,glass,PHOTO
train_glass_962.jpg,glass,DIGITAL
train_glass_963.jpg,glass,DIGITAL
train_glass_964.jpg,glass,DIGITAL
train_glass_965.jpg,glass,DIGITAL
train_glass_966.jpg,glass,PHOTO
train_glass_967.jpg,glass,DIGITAL
train_glass_968.jpg,glass,DIGITAL
train_glass_969.jpg,glass,DIGITAL
train_glass_970.jpg,glass,PHOTO
train_glass_971.jpg,glass,DIGITAL
train_glass_972.jpg,glass,DIGITAL
train_glass_973.jpg,glass,DIGITAL
train_glass_974.jpg,glass,DIGITAL
train_glass_975.jpg,glass,PHOTO
train_glass_976.jpg,glass,DIGITAL
train_glass_977.jpg,glass,DIGITAL
train_glass_978.jpg,glass,DIGITAL
train_glass_979.jpg,glass,PHOTO
train_glass_980.jpg,glass,PHOTO
train_glass_981.jpg,glass,DIGITAL
train_glass_982.jpg,glass,PHOTO
train_glass_983.jpg,glass,DIGITAL
train_glass_984.jpg,glass,DIGITAL
train_glass_985.jpg,glass,DIGITAL
train_glass_986.jpg,glass,DIGITAL
train_glass_987.jpg,glass,DIGITAL
train_glass_988.jpg,glass,DIGITAL
train_glass_989.jpg,glass,PHOTO
train_glass_990.jpg,glass,DIGITAL
train_glass_991.jpg,glass,DIGITAL
train_glass_992.jpg,glass,DIGITAL
train_glass_993.jpg,glass,DIGITAL
train_glass_994.jpg,glass,PHOTO
train_glass_995.jpg,glass,DIGITAL
train_glass_996.jpg,glass,DIGITAL
train_glass_997.jpg,glass,PHOTO
train_glass_998.jpg,glass,DIGITAL
train_metal_000.jpg,metal,PHOTO
train_metal_001.jpg,metal,DIGITAL
train_metal_002.jpg,metal,PHOTO
train_metal_003.jpg,metal,DIGITAL
train_metal_004.jpg,metal,DIGITAL
train_metal_005.jpg,metal,PHOTO
train_metal_006.jpg,metal,PHOTO
train_metal_007.jpg,metal,DIGITAL
train_metal_008.jpg,metal,DIGITAL
train_metal_009.jpg,metal,DIGITAL
train_metal_010.jpg,metal,PHOTO
train_metal_011.jpg,metal,DIGITAL
train_metal_012.jpg,metal,DIGITAL
train_metal_013.jpg,metal,PHOTO
train_metal_014.jpg,metal,PHOTO
train_metal_015.jpg,metal,DIGITAL
train_metal_016.jpg,metal,DIGITAL
train_metal_017.jpg,metal,PHOTO
train_metal_018.jpg,metal,DIGITAL
train_metal_019.jpg,metal,DIGITAL
train_metal_020.jpg,metal,PHOTO
train_metal_021.jpg,metal,PHOTO
train_metal_022.jpg,metal,PHOTO
train_metal_023.jpg,metal,DIGITAL
train_metal_024.jpg,metal,PHOTO
train_metal_025.jpg,metal,DIGITAL
train_metal_026.jpg,metal,DIGITAL
train_metal_027.jpg,metal,DIGITAL
train_metal_028.jpg,metal,DIGITAL
train_metal_029.jpg,metal,PHOTO
train_metal_030.jpg,metal,PHOTO
train_metal_031.jpg,metal,DIGITAL
train_metal_032.jpg,metal,DIGITAL
train_metal_033.jpg,metal,DIGITAL
train_metal_034.jpg,metal,PHOTO
train_metal_035.jpg,metal,DIGITAL
train_metal_036.jpg,metal,PHOTO
train_metal_037.jpg,metal,DIGITAL
train_metal_038.jpg,metal,PHOTO
train_metal_039.jpg,metal,PHOTO
train_metal_040.jpg,metal,DIGITAL
train_metal_041.jpg,metal,PHOTO
train_metal_042.jpg,metal,PHOTO
train_metal_043.jpg,metal,DIGITAL
train_metal_044.jpg,metal,DIGITAL
train_metal_045.jpg,metal,DIGITAL
train_metal_046.jpg,metal,DIGITAL
train_metal_047.jpg,metal,DIGITAL
train_metal_048.jpg,metal,DIGITAL
train_metal_049.jpg,metal,DIGITAL
train_metal_050.jpg,metal,PHOTO
train_metal_051.jpg,metal,PHOTO
train_metal_052.jpg,metal,DIGITAL
train_metal_053.jpg,metal,PHOTO
train_metal_054.jpg,metal,PHOTO
train_metal_055.jpg,metal,PHOTO
train_metal_056.jpg,metal,DIGITAL
train_metal_057.jpg,metal,DIGITAL
train_metal_058.jpg,metal,DIGITAL
train_metal_059.jpg,metal,DIGITAL
train_metal_060.jpg,metal,DIGITAL
train_metal_061.jpg,metal,DIGITAL
train_metal_062.jpg,metal,PHOTO
train_metal_063.jpg,metal,DIGITAL
train_metal_064.jpg,metal,PHOTO
train_metal_065.jpg,metal,DIGITAL
train_metal_066.jpg,metal,PHOTO
train_metal_067.jpg,metal,DIGITAL
train_metal_068.jpg,metal,PHOTO
train_metal_069.jpg,metal,DIGITAL
train_metal_070.jpg,metal,PHOTO
train_metal_071.jpg,metal,PHOTO
train_metal_072.jpg,metal,DIGITAL
train_metal_073.jpg,metal,DIGITAL
train_metal_074.jpg,metal,DIGITAL
train_metal_075.jpg,metal,DIGITAL
train_metal_076.jpg,metal,DIGITAL
train_metal_077.jpg,metal,PHOTO
train_metal_078.jpg,metal,DIGITAL
train_metal_079.jpg,metal,PHOTO
train_metal_080.jpg,metal,PHOTO
train_metal_081.jpg,metal,DIGITAL
train_metal_082.jpg,metal,DIGITAL
train_metal_083.jpg,metal,DIGITAL
train_metal_084.jpg,metal,DIGITAL
train_metal_085.jpg,metal,DIGITAL
train_metal_086.jpg,metal,DIGITAL
train_metal_087.jpg,metal,DIGITAL
train_metal_088.jpg,metal,PHOTO
train_metal_089.jpg,metal,DIGITAL
train_metal_090.jpg,metal,DIGITAL
train_metal_091.jpg,metal,PHOTO
train_metal_092.jpg,metal,PHOTO
train_metal_093.jpg,metal,DIGITAL
train_metal_094.jpg,metal,DIGITAL
train_metal_095.jpg,metal,DIGITAL
train_metal_096.jpg,metal,DIGITAL
train_metal_097.jpg,metal,PHOTO
train_metal_098.jpg,metal,PHOTO
train_metal_099.jpg,metal,PHOTO
train_metal_100.jpg,metal,DIGITAL
train_metal_101.jpg,metal,PHOTO
train_metal_102.jpg,metal,DIGITAL
train_metal_103.jpg,metal,DIGITAL
train_metal_104.jpg,metal,DIGITAL
train_metal_105.jpg,metal,PHOTO
train_metal_106.jpg,metal,DIGITAL
train_metal_107.jpg,metal,PHOTO
train_metal_108.jpg,metal,PHOTO
train_metal_109.jpg,metal,PHOTO
train_metal_110.jpg,metal,PHOTO
train_metal_111.jpg,metal,PHOTO
train_metal_112.jpg,metal,DIGITAL
train_metal_113.jpg,metal,DIGITAL
train_metal_114.jpg,metal,DIGITAL
train_metal_115.jpg,metal,PHOTO
train_metal_116.jpg,metal,PHOTO
train_metal_117.jpg,metal,PHOTO
train_metal_118.jpg,metal,DIGITAL
train_metal_119.jpg,metal,PHOTO
train_metal_120.jpg,metal,PHOTO
train_metal_121.jpg,metal,PHOTO
train_metal_122.jpg,metal,DIGITAL
train_metal_123.jpg,metal,DIGITAL
train_metal_124.jpg,metal,DIGITAL
train_metal_125.jpg,metal,DIGITAL
train_metal_126.jpg,metal,PHOTO
train_metal_127.jpg,metal,DIGITAL
train_metal_128.jpg,metal,DIGITAL
train_metal_129.jpg,metal,DIGITAL
train_metal_130.jpg,metal,PHOTO
train_metal_131.jpg,metal,DIGITAL
train_metal_132.jpg,metal,DIGITAL
train_metal_133.jpg,metal,PHOTO
train_metal_134.jpg,metal,DIGITAL
train_metal_135.jpg,metal,DIGITAL
train_metal_136.jpg,metal,PHOTO
train_metal_137.jpg,metal,DIGITAL
train_metal_138.jpg,metal,PHOTO
train_metal_139.jpg,metal,DIGITAL
train_metal_140.jpg,metal,DIGITAL
train_metal_141.jpg,metal,DIGITAL
train_metal_142.jpg,metal,PHOTO
train_metal_143.jpg,metal,DIGITAL
train_metal_144.jpg,metal,DIGITAL
train_metal_145.jpg,metal,PHOTO
train_metal_146.jpg,metal,PHOTO
train_metal_147.jpg,metal,DIGITAL
train_metal_148.jpg,metal,DIGITAL
train_metal_149.jpg,metal,DIGITAL
train_metal_150.jpg,metal,DIGITAL
train_metal_151.jpg,metal,DIGITAL
train_metal_152.jpg,metal,DIGITAL
train_metal_153.jpg,metal,DIGITAL
train_metal_154.jpg,metal,PHOTO
train_metal_155.jpg,metal,PHOTO
train_metal_156.jpg,metal,DIGITAL
train_metal_157.jpg,metal,DIGITAL
train_metal_158.jpg,metal,DIGITAL
train_metal_159.jpg,metal,PHOTO
train_metal_160.jpg,metal,DIGITAL
train_metal_161.jpg,metal,DIGITAL
train_metal_162.jpg,metal,DIGITAL
train_metal_163.jpg,metal,DIGITAL
train_metal_164.jpg,metal,DIGITAL
train_metal_165.jpg,metal,PHOTO
train_metal_166.jpg,metal,DIGITAL
train_metal_167.jpg,metal,DIGITAL
train_metal_168.jpg,metal,PHOTO
train_metal_169.jpg,metal,PHOTO
train_metal_170.jpg,metal,DIGITAL
train_metal_171.jpg,metal,DIGITAL
train_metal_172.jpg,metal,DIGITAL
train_metal_173.jpg,metal,DIGITAL
train_metal_174.jpg,metal,PHOTO
train_metal_175.jpg,metal,DIGITAL
train_metal_176.jpg,metal,PHOTO
train_metal_177.jpg,metal,DIGITAL
train_metal_178.jpg,metal,DIGITAL
train_metal_179.jpg,metal,DIGITAL
train_metal_180.jpg,metal,DIGITAL
train_metal_181.jpg,metal,PHOTO
train_metal_182.jpg,metal,DIGITAL
train_metal_183.jpg,metal,DIGITAL
train_metal_184.jpg,metal,PHOTO
train_metal_185.jpg,metal,DIGITAL
train_metal_186.jpg,metal,DIGITAL
train_metal_187.jpg,metal,PHOTO
train_metal_188.jpg,metal,DIGITAL
train_metal_189.jpg,metal,DIGITAL
train_metal_190.jpg,metal,DIGITAL
train_metal_191.jpg,metal,DIGITAL
train_metal_192.jpg,metal,DIGITAL
train_metal_193.jpg,metal,PHOTO
train_metal_194.jpg,metal,DIGITAL
train_metal_195.jpg,metal,PHOTO
train_metal_196.jpg,metal,DIGITAL
train_metal_197.jpg,metal,DIGITAL
train_metal_198.jpg,metal,DIGITAL
train_metal_199.jpg,metal,DIGITAL
train_metal_200.jpg,metal,DIGITAL
train_metal_201.jpg,metal,PHOTO
train_metal_202.jpg,metal,DIGITAL
train_metal_203.jpg,metal,DIGITAL
train_metal_204.jpg,metal,DIGITAL
train_metal_205.jpg,metal,PHOTO
train_metal_206.jpg,metal,DIGITAL
train_metal_207.jpg,metal,DIGITAL
train_metal_208.jpg,metal,DIGITAL
train_metal_209.jpg,metal,DIGITAL
train_metal_210.jpg,metal,DIGITAL
train_metal_211.jpg,metal,DIGITAL
train_metal_212.jpg,metal,DIGITAL
train_metal_213.jpg,metal,DIGITAL
train_metal_214.jpg,metal,PHOTO
train_metal_215.jpg,metal,PHOTO
train_metal_216.jpg,metal,DIGITAL
train_metal_217.jpg,metal,PHOTO
train_metal_218.jpg,metal,DIGITAL
train_metal_219.jpg,metal,PHOTO
train_metal_220.jpg,metal,DIGITAL
train_metal_221.jpg,metal,DIGITAL
train_metal_222.jpg,metal,PHOTO
train_metal_223.jpg,metal,DIGITAL
train_metal_224.jpg,metal,DIGITAL
train_metal_225.jpg,metal,DIGITAL
train_metal_226.jpg,metal,DIGITAL
train_metal_227.jpg,metal,DIGITAL
train_metal_228.jpg,metal,PHOTO
train_metal_229.jpg,metal,PHOTO
train_metal_230.jpg,metal,DIGITAL
train_metal_231.jpg,metal,DIGITAL
train_metal_232.jpg,metal,DIGITAL
train_metal_233.jpg,metal,PHOTO
train_metal_234.jpg,metal,PHOTO
train_metal_235.jpg,metal,DIGITAL
train_metal_236.jpg,metal,DIGITAL
train_metal_237.jpg,metal,DIGITAL
train_metal_238.jpg,metal,PHOTO
train_metal_239.jpg,metal,DIGITAL
train_metal_240.jpg,metal,DIGITAL
train_metal_241.jpg,metal,DIGITAL
train_metal_242.jpg,metal,DIGITAL
train_metal_243.jpg,metal,DIGITAL
train_metal_244.jpg,metal,DIGITAL
train_metal_245.jpg,metal,PHOTO
train_metal_246.jpg,metal,PHOTO
train_metal_247.jpg,metal,DIGITAL
train_metal_248.jpg,metal,PHOTO
train_metal_249.jpg,metal,DIGITAL
train_metal_250.jpg,metal,DIGITAL
train_metal_251.jpg,metal,DIGITAL
train_metal_252.jpg,metal,PHOTO
train_metal_253.jpg,metal,PHOTO
train_metal_254.jpg,metal,DIGITAL
train_metal_255.jpg,metal,DIGITAL
train_metal_256.jpg,metal,DIGITAL
train_metal_257.jpg,metal,DIGITAL
train_metal_258.jpg,metal,DIGITAL
train_metal_259.jpg,metal,PHOTO
train_metal_260.jpg,metal,DIGITAL
train_metal_261.jpg,metal,DIGITAL
train_metal_262.jpg,metal,DIGITAL
train_metal_263.jpg,metal,DIGITAL
train_metal_264.jpg,metal,DIGITAL
train_metal_265.jpg,metal,PHOTO
train_metal_266.jpg,metal,DIGITAL
train_metal_267.jpg,metal,DIGITAL
train_metal_268.jpg,metal,DIGITAL
train_metal_269.jpg,metal,DIGITAL
train_metal_270.jpg,metal,PHOTO
train_metal_271.jpg,metal,DIGITAL
train_metal_272.jpg,metal,DIGITAL
train_metal_273.jpg,metal,PHOTO
train_metal_274.jpg,metal,DIGITAL
train_metal_275.jpg,metal,DIGITAL
train_metal_276.jpg,metal,DIGITAL
train_metal_277.jpg,metal,DIGITAL
train_metal_278.jpg,metal,DIGITAL
train_metal_279.jpg,metal,DIGITAL
train_metal_280.jpg,metal,DIGITAL
train_metal_281.jpg,metal,DIGITAL
train_metal_282.jpg,metal,DIGITAL
train_metal_283.jpg,metal,DIGITAL
train_metal_284.jpg,metal,DIGITAL
train_metal_285.jpg,metal,DIGITAL
train_metal_286.jpg,metal,PHOTO
train_metal_287.jpg,metal,PHOTO
train_metal_288.jpg,metal,PHOTO
train_metal_289.jpg,metal,PHOTO
train_metal_290.jpg,metal,PHOTO
train_metal_291.jpg,metal,PHOTO
train_metal_292.jpg,metal,DIGITAL
train_metal_293.jpg,metal,DIGITAL
train_metal_294.jpg,metal,PHOTO
train_metal_295.jpg,metal,DIGITAL
train_metal_296.jpg,metal,DIGITAL
train_metal_297.jpg,metal,PHOTO
train_metal_298.jpg,metal,PHOTO
train_metal_299.jpg,metal,DIGITAL
train_metal_300.jpg,metal,DIGITAL
train_metal_301.jpg,metal,PHOTO
train_metal_302.jpg,metal,PHOTO
train_metal_303.jpg,metal,PHOTO
train_metal_304.jpg,metal,PHOTO
train_metal_305.jpg,metal,DIGITAL
train_metal_306.jpg,metal,DIGITAL
train_metal_307.jpg,metal,DIGITAL
train_metal_308.jpg,metal,PHOTO
train_metal_309.jpg,metal,DIGITAL
train_metal_310.jpg,metal,PHOTO
train_metal_311.jpg,metal,PHOTO
train_metal_312.jpg,metal,DIGITAL
train_metal_313.jpg,metal,PHOTO
train_metal_314.jpg,metal,PHOTO
train_metal_315.jpg,metal,DIGITAL
train_metal_316.jpg,metal,PHOTO
train_metal_317.jpg,metal,DIGITAL
train_metal_318.jpg,metal,DIGITAL
train_metal_319.jpg,metal,DIGITAL
train_metal_320.jpg,metal,DIGITAL
train_metal_321.jpg,metal,DIGITAL
train_metal_322.jpg,metal,DIGITAL
train_metal_323.jpg,metal,DIGITAL
train_metal_324.jpg,metal,DIGITAL
train_metal_325.jpg,metal,DIGITAL
train_metal_326.jpg,metal,DIGITAL
train_metal_327.jpg,metal,DIGITAL
train_metal_328.jpg,metal,DIGITAL
train_metal_329.jpg,metal,DIGITAL
train_metal_330.jpg,metal,DIGITAL
train_metal_331.jpg,metal,PHOTO
train_metal_332.jpg,metal,DIGITAL
train_metal_333.jpg,metal,PHOTO
train_metal_334.jpg,metal,DIGITAL
train_metal_335.jpg,metal,DIGITAL
train_metal_336.jpg,metal,PHOTO
train_metal_337.jpg,metal,PHOTO
train_metal_338.jpg,metal,DIGITAL
train_metal_339.jpg,metal,DIGITAL
train_metal_340.jpg,metal,PHOTO
train_metal_341.jpg,metal,DIGITAL
train_metal_342.jpg,metal,PHOTO
train_metal_343.jpg,metal,DIGITAL
train_metal_344.jpg,metal,DIGITAL
train_metal_345.jpg,metal,DIGITAL
train_metal_346.jpg,metal,PHOTO
train_metal_347.jpg,metal,DIGITAL
train_metal_348.jpg,metal,PHOTO
train_metal_349.jpg,metal,DIGITAL
train_metal_350.jpg,metal,DIGITAL
train_metal_351.jpg,metal,DIGITAL
train_metal_352.jpg,metal,PHOTO
train_metal_353.jpg,metal,PHOTO
train_metal_354.jpg,metal,DIGITAL
train_metal_355.jpg,metal,DIGITAL
train_metal_356.jpg,metal,DIGITAL
train_metal_357.jpg,metal,PHOTO
train_metal_358.jpg,metal,DIGITAL
train_metal_359.jpg,metal,DIGITAL
train_metal_360.jpg,metal,DIGITAL
train_metal_361.jpg,metal,PHOTO
train_metal_362.jpg,metal,PHOTO
train_metal_363.jpg,metal,DIGITAL
train_metal_364.jpg,metal,DIGITAL
train_metal_365.jpg,metal,DIGITAL
train_metal_366.jpg,metal,PHOTO
train_metal_367.jpg,metal,PHOTO
train_metal_368.jpg,metal,DIGITAL
train_metal_369.jpg,metal,DIGITAL
train_metal_370.jpg,metal,DIGITAL
train_metal_371.jpg,metal,PHOTO
train_metal_372.jpg,metal,PHOTO
train_metal_373.jpg,metal,DIGITAL
train_metal_374.jpg,metal,DIGITAL
train_metal_375.jpg,metal,DIGITAL
train_metal_376.jpg,metal,PHOTO
train_metal_377.jpg,metal,DIGITAL
train_metal_378.jpg,metal,DIGITAL
train_metal_379.jpg,metal,DIGITAL
train_metal_380.jpg,metal,DIGITAL
train_metal_381.jpg,metal,DIGITAL
train_metal_382.jpg,metal,PHOTO
train_metal_383.jpg,metal,DIGITAL
train_metal_384.jpg,metal,DIGITAL
train_metal_385.jpg,metal,DIGITAL
train_metal_386.jpg,metal,PHOTO
train_metal_387.jpg,metal,DIGITAL
train_metal_388.jpg,metal,DIGITAL
train_metal_389.jpg,metal,PHOTO
train_metal_390.jpg,metal,DIGITAL
train_metal_391.jpg,metal,DIGITAL
train_metal_392.jpg,metal,PHOTO
train_metal_393.jpg,metal,DIGITAL
train_metal_394.jpg,metal,DIGITAL
train_metal_395.jpg,metal,PHOTO
train_metal_396.jpg,metal,DIGITAL
train_metal_397.jpg,metal,PHOTO
train_metal_398.jpg,metal,DIGITAL
train_metal_399.jpg,metal,DIGITAL
train_metal_400.jpg,metal,DIGITAL
train_metal_401.jpg,metal,PHOTO
train_metal_402.jpg,metal,DIGITAL
train_metal_403.jpg,metal,PHOTO
train_metal_404.jpg,metal,DIGITAL
train_metal_405.jpg,metal,DIGITAL
train_metal_406.jpg,metal,DIGITAL
train_metal_407.jpg,metal,DIGITAL
train_metal_408.jpg,metal,DIGITAL
train_metal_409.jpg,metal,DIGITAL
train_metal_410.jpg,metal,PHOTO
train_metal_411.jpg,metal,DIGITAL
train_metal_412.jpg,metal,DIGITAL
train_metal_413.jpg,metal,PHOTO
train_metal_414.jpg,metal,DIGITAL
train_metal_415.jpg,metal,DIGITAL
train_metal_416.jpg,metal,DIGITAL
train_metal_417.jpg,metal,DIGITAL
train_metal_418.jpg,metal,PHOTO
train_metal_419.jpg,metal,DIGITAL
train_metal_420.jpg,metal,PHOTO
train_metal_421.jpg,metal,DIGITAL
train_metal_422.jpg,metal,DIGITAL
train_metal_423.jpg,metal,PHOTO
train_metal_424.jpg,metal,DIGITAL
train_metal_425.jpg,metal,DIGITAL
train_metal_426.jpg,metal,DIGITAL
train_metal_427.jpg,metal,DIGITAL
train_metal_428.jpg,metal,DIGITAL
train_metal_429.jpg,metal,DIGITAL
train_metal_430.jpg,metal,DIGITAL
train_metal_431.jpg,metal,DIGITAL
train_metal_432.jpg,metal,DIGITAL
train_metal_433.jpg,metal,PHOTO
train_metal_434.jpg,metal,DIGITAL
train_metal_435.jpg,metal,DIGITAL
train_metal_436.jpg,metal,DIGITAL
train_metal_437.jpg,metal,PHOTO
train_metal_438.jpg,metal,PHOTO
train_metal_439.jpg,metal,PHOTO
train_metal_440.jpg,metal,DIGITAL
train_metal_441.jpg,metal,PHOTO
train_metal_442.jpg,metal,PHOTO
train_metal_443.jpg,metal,DIGITAL
train_metal_444.jpg,metal,DIGITAL
train_metal_445.jpg,metal,DIGITAL
train_metal_446.jpg,metal,DIGITAL
train_metal_447.jpg,metal,DIGITAL
train_metal_448.jpg,metal,DIGITAL
train_metal_449.jpg,metal,PHOTO
train_metal_450.jpg,metal,DIGITAL
train_metal_451.jpg,metal,DIGITAL
train_metal_452.jpg,metal,PHOTO
train_metal_453.jpg,metal,PHOTO
train_metal_454.jpg,metal,DIGITAL
train_metal_455.jpg,metal,DIGITAL
train_metal_456.jpg,metal,DIGITAL
train_metal_457.jpg,metal,PHOTO
train_metal_458.jpg,metal,PHOTO
train_metal_459.jpg,metal,DIGITAL
train_metal_460.jpg,metal,PHOTO
train_metal_461.jpg,metal,DIGITAL
train_metal_462.jpg,metal,DIGITAL
train_metal_463.jpg,metal,DIGITAL
train_metal_464.jpg,metal,PHOTO
train_metal_465.jpg,metal,DIGITAL
train_metal_466.jpg,metal,DIGITAL
train_metal_467.jpg,metal,PHOTO
train_metal_468.jpg,metal,DIGITAL
train_metal_469.jpg,metal,PHOTO
train_metal_470.jpg,metal,DIGITAL
train_metal_471.jpg,metal,PHOTO
train_metal_472.jpg,metal,PHOTO
train_metal_473.jpg,metal,DIGITAL
train_metal_474.jpg,metal,DIGITAL
train_metal_475.jpg,metal,DIGITAL
train_metal_476.jpg,metal,PHOTO
train_metal_477.jpg,metal,PHOTO
train_metal_478.jpg,metal,PHOTO
train_metal_479.jpg,metal,DIGITAL
train_metal_480.jpg,metal,DIGITAL
train_metal_481.jpg,metal,PHOTO
train_metal_482.jpg,metal,PHOTO
train_metal_483.jpg,metal,DIGITAL
train_metal_484.jpg,metal,PHOTO
train_metal_485.jpg,metal,DIGITAL
train_metal_486.jpg,metal,DIGITAL
train_metal_487.jpg,metal,DIGITAL
train_metal_488.jpg,metal,DIGITAL
train_metal_489.jpg,metal,PHOTO
train_metal_490.jpg,metal,DIGITAL
train_metal_491.jpg,metal,DIGITAL
train_metal_492.jpg,metal,PHOTO
train_metal_493.jpg,metal,DIGITAL
train_metal_494.jpg,metal,PHOTO
train_metal_495.jpg,metal,DIGITAL
train_metal_496.jpg,metal,DIGITAL
train_metal_497.jpg,metal,PHOTO
train_metal_498.jpg,metal,DIGITAL
train_metal_499.jpg,metal,DIGITAL
train_metal_500.jpg,metal,DIGITAL
train_metal_501.jpg,metal,DIGITAL
train_metal_502.jpg,metal,DIGITAL
train_metal_503.jpg,metal,PHOTO
train_metal_504.jpg,metal,PHOTO
train_metal_505.jpg,metal,PHOTO
train_metal_506.jpg,metal,PHOTO
train_metal_507.jpg,metal,PHOTO
train_metal_508.jpg,metal,DIGITAL
train_metal_509.jpg,metal,DIGITAL
train_metal_510.jpg,metal,DIGITAL
train_metal_511.jpg,metal,DIGITAL
train_metal_512.jpg,metal,DIGITAL
train_metal_513.jpg,metal,DIGITAL
train_metal_514.jpg,metal,DIGITAL
train_metal_515.jpg,metal,PHOTO
train_metal_516.jpg,metal,DIGITAL
train_metal_517.jpg,metal,DIGITAL
train_metal_518.jpg,metal,DIGITAL
train_metal_519.jpg,metal,DIGITAL
train_metal_520.jpg,metal,PHOTO
train_metal_521.jpg,metal,PHOTO
train_metal_522.jpg,metal,DIGITAL
train_metal_523.jpg,metal,PHOTO
train_metal_524.jpg,metal,PHOTO
train_paper_000.jpg,paper,DIGITAL
train_paper_001.jpg,paper,DIGITAL
train_paper_002.jpg,paper,DIGITAL
train_paper_003.jpg,paper,DIGITAL
train_paper_004.jpg,paper,DIGITAL
train_paper_005.jpg,paper,DIGITAL
train_paper_006.jpg,paper,DIGITAL
train_paper_007.jpg,paper,DIGITAL
train_paper_008.jpg,paper,DIGITAL
train_paper_009.jpg,paper,DIGITAL
train_paper_010.jpg,paper,DIGITAL
train_paper_011.jpg,paper,DIGITAL
train_paper_012.jpg,paper,DIGITAL
train_paper_013.jpg,paper,DIGITAL
train_paper_014.jpg,paper,DIGITAL
train_paper_015.jpg,paper,DIGITAL
train_paper_016.jpg,paper,DIGITAL
train_paper_017.jpg,paper,DIGITAL
train_paper_018.jpg,paper,DIGITAL
train_paper_019.jpg,paper,DIGITAL
train_paper_020.jpg,paper,DIGITAL
train_paper_021.jpg,paper,DIGITAL
train_paper_022.jpg,paper,DIGITAL
train_paper_023.jpg,paper,PHOTO
train_paper_024.jpg,paper,DIGITAL
train_paper_025.jpg,paper,DIGITAL
train_paper_026.jpg,paper,DIGITAL
train_paper_027.jpg,paper,PHOTO
train_paper_028.jpg,paper,PHOTO
train_paper_029.jpg,paper,DIGITAL
train_paper_030.jpg,paper,DIGITAL
train_paper_031.jpg,paper,DIGITAL
train_paper_032.jpg,paper,DIGITAL
train_paper_033.jpg,paper,DIGITAL
train_paper_034.jpg,paper,DIGITAL
train_paper_035.jpg,paper,PHOTO
train_paper_036.jpg,paper,DIGITAL
train_paper_037.jpg,paper,DIGITAL
train_paper_038.jpg,paper,DIGITAL
train_paper_039.jpg,paper,DIGITAL
train_paper_040.jpg,paper,DIGITAL
train_paper_041.jpg,paper,DIGITAL
train_paper_042.jpg,paper,PHOTO
train_paper_043.jpg,paper,DIGITAL
train_paper_044.jpg,paper,DIGITAL
train_paper_045.jpg,paper,DIGITAL
train_paper_046.jpg,paper,DIGITAL
train_paper_047.jpg,paper,PHOTO
train_paper_048.jpg,paper,PHOTO
train_paper_049.jpg,paper,DIGITAL
train_paper_050.jpg,paper,DIGITAL
train_paper_051.jpg,paper,PHOTO
train_paper_052.jpg,paper,DIGITAL
train_paper_053.jpg,paper,DIGITAL
train_paper_054.jpg,paper,DIGITAL
train_paper_055.jpg,paper,DIGITAL
train_paper_056.jpg,paper,DIGITAL
train_paper_057.jpg,paper,DIGITAL
train_paper_058.jpg,paper,DIGITAL
train_paper_059.jpg,paper,DIGITAL
train_paper_060.jpg,paper,DIGITAL
train_paper_061.jpg,paper,DIGITAL
train_paper_062.jpg,paper,DIGITAL
train_paper_063.jpg,paper,DIGITAL
train_paper_064.jpg,paper,DIGITAL
train_paper_065.jpg,paper,DIGITAL
train_paper_066.jpg,paper,DIGITAL
train_paper_067.jpg,paper,DIGITAL
train_paper_068.jpg,paper,DIGITAL
train_paper_069.jpg,paper,DIGITAL
train_paper_070.jpg,paper,DIGITAL
train_paper_071.jpg,paper,DIGITAL
train_paper_072.jpg,paper,DIGITAL
train_paper_073.jpg,paper,PHOTO
train_paper_074.jpg,paper,DIGITAL
train_paper_075.jpg,paper,DIGITAL
train_paper_076.jpg,paper,DIGITAL
train_paper_077.jpg,paper,DIGITAL
train_paper_078.jpg,paper,DIGITAL
train_paper_079.jpg,paper,DIGITAL
train_paper_080.jpg,paper,PHOTO
train_paper_081.jpg,paper,DIGITAL
train_paper_082.jpg,paper,DIGITAL
train_paper_083.jpg,paper,PHOTO
train_paper_084.jpg,paper,DIGITAL
train_paper_085.jpg,paper,DIGITAL
train_paper_086.jpg,paper,DIGITAL
train_paper_087.jpg,paper,DIGITAL
train_paper_088.jpg,paper,DIGITAL
train_paper_089.jpg,paper,DIGITAL
train_paper_090.jpg,paper,DIGITAL
train_paper_091.jpg,paper,DIGITAL
train_paper_092.jpg,paper,DIGITAL
train_paper_093.jpg,paper,DIGITAL
train_paper_094.jpg,paper,DIGITAL
train_paper_095.jpg,paper,DIGITAL
train_paper_096.jpg,paper,DIGITAL
train_paper_097.jpg,paper,DIGITAL
train_paper_098.jpg,paper,DIGITAL
train_paper_099.jpg,paper,DIGITAL
train_paper_100.jpg,paper,DIGITAL
train_paper_101.jpg,paper,DIGITAL
train_paper_102.jpg,paper,DIGITAL
train_paper_103.jpg,paper,DIGITAL
train_paper_104.jpg,paper,DIGITAL
train_paper_105.jpg,paper,DIGITAL
train_paper_106.jpg,paper,DIGITAL
train_paper_107.jpg,paper,DIGITAL
train_paper_108.jpg,paper,DIGITAL
train_paper_109.jpg,paper,DIGITAL
train_paper_110.jpg,paper,DIGITAL
train_paper_111.jpg,paper,DIGITAL
train_paper_112.jpg,paper,DIGITAL
train_paper_113.jpg,paper,DIGITAL
train_paper_114.jpg,paper,DIGITAL
train_paper_115.jpg,paper,DIGITAL
train_paper_116.jpg,paper,DIGITAL
train_paper_117.jpg,paper,DIGITAL
train_paper_118.jpg,paper,DIGITAL
train_paper_119.jpg,paper,DIGITAL
train_paper_120.jpg,paper,DIGITAL
train_paper_121.jpg,paper,DIGITAL
train_paper_122.jpg,paper,DIGITAL
train_paper_123.jpg,paper,DIGITAL
train_paper_124.jpg,paper,DIGITAL
train_paper_125.jpg,paper,DIGITAL
train_paper_126.jpg,paper,DIGITAL
train_paper_127.jpg,paper,DIGITAL
train_paper_128.jpg,paper,DIGITAL
train_paper_129.jpg,paper,DIGITAL
train_paper_130.jpg,paper,DIGITAL
train_paper_131.jpg,paper,PHOTO
train_paper_132.jpg,paper,DIGITAL
train_paper_133.jpg,paper,DIGITAL
train_paper_134.jpg,paper,DIGITAL
train_paper_135.jpg,paper,PHOTO
train_paper_136.jpg,paper,DIGITAL
train_paper_137.jpg,paper,DIGITAL
train_paper_138.jpg,paper,DIGITAL
train_paper_139.jpg,paper,DIGITAL
train_paper_140.jpg,paper,DIGITAL
train_paper_141.jpg,paper,DIGITAL
train_paper_142.jpg,paper,DIGITAL
train_paper_143.jpg,paper,DIGITAL
train_paper_144.jpg,paper,DIGITAL
train_paper_145.jpg,paper,DIGITAL
train_paper_146.jpg,paper,DIGITAL
train_paper_147.jpg,paper,PHOTO
train_paper_148.jpg,paper,DIGITAL
train_paper_149.jpg,paper,DIGITAL
train_paper_150.jpg,paper,DIGITAL
train_paper_151.jpg,paper,DIGITAL
train_paper_152.jpg,paper,DIGITAL
train_paper_153.jpg,paper,DIGITAL
train_paper_154.jpg,paper,DIGITAL
train_paper_155.jpg,paper,DIGITAL
train_paper_156.jpg,paper,DIGITAL
train_paper_157.jpg,paper,DIGITAL
train_paper_158.jpg,paper,DIGITAL
train_paper_159.jpg,paper,DIGITAL
train_paper_160.jpg,paper,DIGITAL
train_paper_161.jpg,paper,DIGITAL
train_paper_162.jpg,paper,PHOTO
train_paper_163.jpg,paper,DIGITAL
train_paper_164.jpg,paper,DIGITAL
train_paper_165.jpg,paper,DIGITAL
train_paper_166.jpg,paper,DIGITAL
train_paper_167.jpg,paper,DIGITAL
train_paper_168.jpg,paper,DIGITAL
train_paper_169.jpg,paper,DIGITAL
train_paper_170.jpg,paper,PHOTO
train_paper_171.jpg,paper,DIGITAL
train_paper_172.jpg,paper,DIGITAL
train_paper_173.jpg,paper,DIGITAL
train_paper_174.jpg,paper,DIGITAL
train_paper_175.jpg,paper,DIGITAL
train_paper_176.jpg,paper,DIGITAL
train_paper_177.jpg,paper,DIGITAL
train_paper_178.jpg,paper,DIGITAL
train_paper_179.jpg,paper,DIGITAL
train_paper_180.jpg,paper,DIGITAL
train_paper_181.jpg,paper,DIGITAL
train_paper_182.jpg,paper,DIGITAL
train_paper_183.jpg,paper,DIGITAL
train_paper_184.jpg,paper,DIGITAL
train_paper_185.jpg,paper,DIGITAL
train_paper_186.jpg,paper,PHOTO
train_paper_187.jpg,paper,DIGITAL
train_paper_188.jpg,paper,DIGITAL
train_paper_189.jpg,paper,DIGITAL
train_paper_190.jpg,paper,DIGITAL
train_paper_191.jpg,paper,PHOTO
train_paper_192.jpg,paper,DIGITAL
train_paper_193.jpg,paper,DIGITAL
train_paper_194.jpg,paper,DIGITAL
train_paper_195.jpg,paper,DIGITAL
train_paper_196.jpg,paper,DIGITAL
train_paper_197.jpg,paper,DIGITAL
train_paper_198.jpg,paper,DIGITAL
train_paper_199.jpg,paper,DIGITAL
train_paper_200.jpg,paper,DIGITAL
train_paper_201.jpg,paper,DIGITAL
train_paper_202.jpg,paper,PHOTO
train_paper_203.jpg,paper,DIGITAL
train_paper_204.jpg,paper,DIGITAL
train_paper_205.jpg,paper,DIGITAL
train_paper_206.jpg,paper,DIGITAL
train_paper_207.jpg,paper,DIGITAL
train_paper_208.jpg,paper,PHOTO
train_paper_209.jpg,paper,PHOTO
train_paper_210.jpg,paper,DIGITAL
train_paper_211.jpg,paper,DIGITAL
train_paper_212.jpg,paper,DIGITAL
train_paper_213.jpg,paper,DIGITAL
train_paper_214.jpg,paper,DIGITAL
train_paper_215.jpg,paper,DIGITAL
train_paper_216.jpg,paper,DIGITAL
train_paper_217.jpg,paper,DIGITAL
train_paper_218.jpg,paper,DIGITAL
train_paper_219.jpg,paper,DIGITAL
train_paper_220.jpg,paper,DIGITAL
train_paper_221.jpg,paper,DIGITAL
train_paper_222.jpg,paper,DIGITAL
train_paper_223.jpg,paper,DIGITAL
train_paper_224.jpg,paper,DIGITAL
train_paper_225.jpg,paper,DIGITAL
train_paper_226.jpg,paper,DIGITAL
train_paper_227.jpg,paper,DIGITAL
train_paper_228.jpg,paper,DIGITAL
train_paper_229.jpg,paper,DIGITAL
train_paper_230.jpg,paper,DIGITAL
train_paper_231.jpg,paper,DIGITAL
train_paper_232.jpg,paper,PHOTO
train_paper_233.jpg,paper,DIGITAL
train_paper_234.jpg,paper,DIGITAL
train_paper_235.jpg,paper,DIGITAL
train_paper_236.jpg,paper,DIGITAL
train_paper_237.jpg,paper,DIGITAL
train_paper_238.jpg,paper,DIGITAL
train_paper_239.jpg,paper,DIGITAL
train_paper_240.jpg,paper,DIGITAL
train_paper_241.jpg,paper,DIGITAL
train_paper_242.jpg,paper,DIGITAL
train_paper_243.jpg,paper,PHOTO
train_paper_244.jpg,paper,DIGITAL
train_paper_245.jpg,paper,DIGITAL
train_paper_246.jpg,paper,DIGITAL
train_paper_247.jpg,paper,DIGITAL
train_paper_248.jpg,paper,DIGITAL
train_paper_249.jpg,paper,DIGITAL
train_paper_250.jpg,paper,DIGITAL
train_paper_251.jpg,paper,DIGITAL
train_paper_252.jpg,paper,DIGITAL
train_paper_253.jpg,paper,DIGITAL
train_paper_254.jpg,paper,DIGITAL
train_paper_255.jpg,paper,DIGITAL
train_paper_256.jpg,paper,DIGITAL
train_paper_257.jpg,paper,DIGITAL
train_paper_258.jpg,paper,DIGITAL
train_paper_259.jpg,paper,DIGITAL
train_paper_260.jpg,paper,DIGITAL
train_paper_261.jpg,paper,DIGITAL
train_paper_262.jpg,paper,DIGITAL
train_paper_263.jpg,paper,DIGITAL
train_paper_264.jpg,paper,DIGITAL
train_paper_265.jpg,paper,PHOTO
train_paper_266.jpg,paper,PHOTO
train_paper_267.jpg,paper,DIGITAL
train_paper_268.jpg,paper,DIGITAL
train_paper_269.jpg,paper,PHOTO
train_paper_270.jpg,paper,DIGITAL
train_paper_271.jpg,paper,DIGITAL
train_paper_272.jpg,paper,DIGITAL
train_paper_273.jpg,paper,DIGITAL
train_paper_274.jpg,paper,DIGITAL
train_paper_275.jpg,paper,DIGITAL
train_paper_276.jpg,paper,DIGITAL
train_paper_277.jpg,paper,DIGITAL
train_paper_278.jpg,paper,DIGITAL
train_paper_279.jpg,paper,DIGITAL
train_paper_280.jpg,paper,DIGITAL
train_paper_281.jpg,paper,DIGITAL
train_paper_282.jpg,paper,PHOTO
train_paper_283.jpg,paper,DIGITAL
train_paper_284.jpg,paper,DIGITAL
train_paper_285.jpg,paper,DIGITAL
train_paper_286.jpg,paper,PHOTO
train_paper_287.jpg,paper,DIGITAL
train_paper_288.jpg,paper,DIGITAL
train_paper_289.jpg,paper,DIGITAL
train_paper_290.jpg,paper,DIGITAL
train_paper_291.jpg,paper,DIGITAL
train_paper_292.jpg,paper,DIGITAL
train_paper_293.jpg,paper,DIGITAL
train_paper_294.jpg,paper,DIGITAL
train_paper_295.jpg,paper,DIGITAL
train_paper_296.jpg,paper,DIGITAL
train_paper_297.jpg,paper,DIGITAL
train_paper_298.jpg,paper,DIGITAL
train_paper_299.jpg,paper,PHOTO
train_paper_300.jpg,paper,DIGITAL
train_paper_301.jpg,paper,DIGITAL
train_paper_302.jpg,paper,DIGITAL
train_paper_303.jpg,paper,DIGITAL
train_paper_304.jpg,paper,DIGITAL
train_paper_305.jpg,paper,DIGITAL
train_paper_306.jpg,paper,DIGITAL
train_paper_307.jpg,paper,DIGITAL
train_paper_308.jpg,paper,DIGITAL
train_paper_309.jpg,paper,DIGITAL
train_paper_310.jpg,paper,DIGITAL
train_paper_311.jpg,paper,DIGITAL
train_paper_312.jpg,paper,DIGITAL
train_paper_313.jpg,paper,DIGITAL
train_paper_314.jpg,paper,DIGITAL
train_paper_315.jpg,paper,DIGITAL
train_paper_316.jpg,paper,DIGITAL
train_paper_317.jpg,paper,DIGITAL
train_paper_318.jpg,paper,DIGITAL
train_paper_319.jpg,paper,DIGITAL
train_paper_320.jpg,paper,DIGITAL
train_paper_321.jpg,paper,DIGITAL
train_paper_322.jpg,paper,DIGITAL
train_paper_323.jpg,paper,DIGITAL
train_paper_324.jpg,paper,DIGITAL
train_paper_325.jpg,paper,DIGITAL
train_paper_326.jpg,paper,DIGITAL
train_paper_327.jpg,paper,DIGITAL
train_paper_328.jpg,paper,DIGITAL
train_paper_329.jpg,paper,DIGITAL
train_paper_330.jpg,paper,DIGITAL
train_paper_331.jpg,paper,DIGITAL
train_paper_332.jpg,paper,DIGITAL
train_paper_333.jpg,paper,DIGITAL
train_paper_334.jpg,paper,DIGITAL
train_paper_335.jpg,paper,DIGITAL
train_paper_336.jpg,paper,DIGITAL
train_paper_337.jpg,paper,DIGITAL
train_paper_338.jpg,paper,DIGITAL
train_paper_339.jpg,paper,DIGITAL
train_paper_340.jpg,paper,DIGITAL
train_paper_341.jpg,paper,DIGITAL
train_paper_342.jpg,paper,DIGITAL
train_paper_343.jpg,paper,DIGITAL
train_paper_344.jpg,paper,DIGITAL
train_paper_345.jpg,paper,DIGITAL
train_paper_346.jpg,paper,DIGITAL
train_paper_347.jpg,paper,DIGITAL
train_paper_348.jpg,paper,DIGITAL
train_paper_349.jpg,paper,DIGITAL
train_paper_350.jpg,paper,DIGITAL
train_paper_351.jpg,paper,DIGITAL
train_paper_352.jpg,paper,DIGITAL
train_paper_353.jpg,paper,DIGITAL
train_paper_354.jpg,paper,DIGITAL
train_paper_355.jpg,paper,DIGITAL
train_paper_356.jpg,paper,DIGITAL
train_paper_357.jpg,paper,DIGITAL
train_paper_358.jpg,paper,DIGITAL
train_paper_359.jpg,paper,DIGITAL
train_paper_360.jpg,paper,DIGITAL
train_paper_361.jpg,paper,DIGITAL
train_paper_362.jpg,paper,DIGITAL
train_paper_363.jpg,paper,DIGITAL
train_paper_364.jpg,paper,DIGITAL
train_paper_365.jpg,paper,DIGITAL
train_paper_366.jpg,paper,DIGITAL
train_paper_367.jpg,paper,DIGITAL
train_paper_368.jpg,paper,DIGITAL
train_paper_369.jpg,paper,PHOTO
train_paper_370.jpg,paper,PHOTO
train_paper_371.jpg,paper,DIGITAL
train_paper_372.jpg,paper,DIGITAL
train_paper_373.jpg,paper,DIGITAL
train_paper_374.jpg,paper,DIGITAL
train_paper_375.jpg,paper,PHOTO
train_paper_376.jpg,paper,DIGITAL
train_paper_377.jpg,paper,DIGITAL
train_paper_378.jpg,paper,DIGITAL
train_paper_379.jpg,paper,DIGITAL
train_paper_380.jpg,paper,DIGITAL
train_paper_381.jpg,paper,DIGITAL
train_paper_382.jpg,paper,DIGITAL
train_paper_383.jpg,paper,DIGITAL
train_paper_384.jpg,paper,DIGITAL
train_paper_385.jpg,paper,DIGITAL
train_paper_386.jpg,paper,DIGITAL
train_paper_387.jpg,paper,PHOTO
train_paper_388.jpg,paper,DIGITAL
train_paper_389.jpg,paper,DIGITAL
train_paper_390.jpg,paper,DIGITAL
train_paper_391.jpg,paper,DIGITAL
train_paper_392.jpg,paper,DIGITAL
train_paper_393.jpg,paper,DIGITAL
train_paper_394.jpg,paper,PHOTO
train_paper_395.jpg,paper,DIGITAL
train_paper_396.jpg,paper,DIGITAL
train_paper_397.jpg,paper,PHOTO
train_paper_398.jpg,paper,DIGITAL
train_paper_399.jpg,paper,DIGITAL
train_paper_400.jpg,paper,DIGITAL
train_paper_401.jpg,paper,DIGITAL
train_paper_402.jpg,paper,DIGITAL
train_paper_403.jpg,paper,DIGITAL
train_paper_404.jpg,paper,DIGITAL
train_paper_405.jpg,paper,DIGITAL
train_paper_406.jpg,paper,DIGITAL
train_paper_407.jpg,paper,DIGITAL
train_paper_408.jpg,paper,PHOTO
train_paper_409.jpg,paper,DIGITAL
train_paper_410.jpg,paper,DIGITAL
train_paper_411.jpg,paper,DIGITAL
train_paper_412.jpg,paper,DIGITAL
train_paper_413.jpg,paper,DIGITAL
train_paper_414.jpg,paper,PHOTO
train_paper_415.jpg,paper,DIGITAL
train_paper_416.jpg,paper,DIGITAL
train_paper_417.jpg,paper,DIGITAL
train_paper_418.jpg,paper,DIGITAL
train_paper_419.jpg,paper,DIGITAL
train_paper_420.jpg,paper,DIGITAL
train_paper_421.jpg,paper,DIGITAL
train_paper_422.jpg,paper,PHOTO
train_paper_423.jpg,paper,DIGITAL
train_paper_424.jpg,paper,DIGITAL
train_paper_425.jpg,paper,DIGITAL
train_paper_426.jpg,paper,DIGITAL
train_paper_427.jpg,paper,DIGITAL
train_paper_428.jpg,paper,DIGITAL
train_paper_429.jpg,paper,DIGITAL
train_paper_430.jpg,paper,DIGITAL
train_paper_431.jpg,paper,DIGITAL
train_paper_432.jpg,paper,DIGITAL
train_paper_433.jpg,paper,PHOTO
train_paper_434.jpg,paper,DIGITAL
train_paper_435.jpg,paper,DIGITAL
train_paper_436.jpg,paper,DIGITAL
train_paper_437.jpg,paper,DIGITAL
train_paper_438.jpg,paper,DIGITAL
train_paper_439.jpg,paper,DIGITAL
train_paper_440.jpg,paper,DIGITAL
train_paper_441.jpg,paper,DIGITAL
train_paper_442.jpg,paper,DIGITAL
train_paper_443.jpg,paper,DIGITAL
train_paper_444.jpg,paper,DIGITAL
train_paper_445.jpg,paper,DIGITAL
train_paper_446.jpg,paper,DIGITAL
train_paper_447.jpg,paper,DIGITAL
train_paper_448.jpg,paper,DIGITAL
train_paper_449.jpg,paper,PHOTO
train_paper_450.jpg,paper,DIGITAL
train_paper_451.jpg,paper,DIGITAL
train_paper_452.jpg,paper,DIGITAL
train_paper_453.jpg,paper,DIGITAL
train_paper_454.jpg,paper,DIGITAL
train_paper_455.jpg,paper,DIGITAL
train_paper_456.jpg,paper,DIGITAL
train_paper_457.jpg,paper,DIGITAL
train_paper_458.jpg,paper,DIGITAL
train_paper_459.jpg,paper,DIGITAL
train_paper_460.jpg,paper,DIGITAL
train_paper_461.jpg,paper,DIGITAL
train_paper_462.jpg,paper,DIGITAL
train_paper_463.jpg,paper,DIGITAL
train_paper_464.jpg,paper,DIGITAL
train_paper_465.jpg,paper,DIGITAL
train_paper_466.jpg,paper,DIGITAL
train_paper_467.jpg,paper,DIGITAL
train_paper_468.jpg,paper,DIGITAL
train_paper_469.jpg,paper,PHOTO
train_paper_470.jpg,paper,DIGITAL
train_paper_471.jpg,paper,DIGITAL
train_paper_472.jpg,paper,PHOTO
train_paper_473.jpg,paper,DIGITAL
train_paper_474.jpg,paper,DIGITAL
train_paper_475.jpg,paper,DIGITAL
train_paper_476.jpg,paper,DIGITAL
train_paper_477.jpg,paper,DIGITAL
train_paper_478.jpg,paper,DIGITAL
train_paper_479.jpg,paper,DIGITAL
train_paper_480.jpg,paper,DIGITAL
train_paper_481.jpg,paper,DIGITAL
train_paper_482.jpg,paper,DIGITAL
train_paper_483.jpg,paper,DIGITAL
train_paper_484.jpg,paper,DIGITAL
train_paper_485.jpg,paper,DIGITAL
train_paper_486.jpg,paper,DIGITAL
train_paper_487.jpg,paper,DIGITAL
train_paper_488.jpg,paper,DIGITAL
train_paper_489.jpg,paper,DIGITAL
train_paper_490.jpg,paper,DIGITAL
train_paper_491.jpg,paper,DIGITAL
train_paper_492.jpg,paper,DIGITAL
train_paper_493.jpg,paper,DIGITAL
train_paper_494.jpg,paper,DIGITAL
train_paper_495.jpg,paper,DIGITAL
train_paper_496.jpg,paper,DIGITAL
train_paper_497.jpg,paper,DIGITAL
train_paper_498.jpg,paper,DIGITAL
train_paper_499.jpg,paper,DIGITAL
train_paper_500.jpg,paper,DIGITAL
train_paper_501.jpg,paper,DIGITAL
train_paper_502.jpg,paper,DIGITAL
train_paper_503.jpg,paper,PHOTO
train_paper_504.jpg,paper,DIGITAL
train_paper_505.jpg,paper,DIGITAL
train_paper_506.jpg,paper,DIGITAL
train_paper_507.jpg,paper,DIGITAL
train_paper_508.jpg,paper,DIGITAL
train_paper_509.jpg,paper,DIGITAL
train_paper_510.jpg,paper,DIGITAL
train_paper_511.jpg,paper,DIGITAL
train_paper_512.jpg,paper,DIGITAL
train_paper_513.jpg,paper,DIGITAL
train_paper_514.jpg,paper,DIGITAL
train_paper_515.jpg,paper,DIGITAL
train_paper_516.jpg,paper,DIGITAL
train_paper_517.jpg,paper,DIGITAL
train_paper_518.jpg,paper,DIGITAL
train_paper_519.jpg,paper,PHOTO
train_paper_520.jpg,paper,DIGITAL
train_paper_521.jpg,paper,DIGITAL
train_paper_522.jpg,paper,DIGITAL
train_paper_523.jpg,paper,DIGITAL
train_paper_524.jpg,paper,DIGITAL
train_paper_525.jpg,paper,DIGITAL
train_paper_526.jpg,paper,DIGITAL
train_paper_527.jpg,paper,DIGITAL
train_paper_528.jpg,paper,DIGITAL
train_paper_529.jpg,paper,DIGITAL
train_paper_530.jpg,paper,DIGITAL
train_paper_531.jpg,paper,DIGITAL
train_paper_532.jpg,paper,DIGITAL
train_paper_533.jpg,paper,DIGITAL
train_paper_534.jpg,paper,DIGITAL
train_paper_535.jpg,paper,PHOTO
train_paper_536.jpg,paper,DIGITAL
train_paper_537.jpg,paper,DIGITAL
train_paper_538.jpg,paper,DIGITAL
train_paper_539.jpg,paper,DIGITAL
train_paper_540.jpg,paper,DIGITAL
train_paper_541.jpg,paper,DIGITAL
train_paper_542.jpg,paper,DIGITAL
train_paper_543.jpg,paper,DIGITAL
train_paper_544.jpg,paper,DIGITAL
train_paper_545.jpg,paper,DIGITAL
train_paper_546.jpg,paper,DIGITAL
train_paper_547.jpg,paper,DIGITAL
train_paper_548.jpg,paper,DIGITAL
train_paper_549.jpg,paper,DIGITAL
train_paper_550.jpg,paper,PHOTO
train_paper_551.jpg,paper,DIGITAL
train_paper_552.jpg,paper,DIGITAL
train_paper_553.jpg,paper,DIGITAL
train_paper_554.jpg,paper,DIGITAL
train_paper_555.jpg,paper,DIGITAL
train_paper_556.jpg,paper,DIGITAL
train_paper_557.jpg,paper,DIGITAL
train_paper_558.jpg,paper,DIGITAL
train_paper_559.jpg,paper,DIGITAL
train_paper_560.jpg,paper,DIGITAL
train_paper_561.jpg,paper,PHOTO
train_paper_562.jpg,paper,DIGITAL
train_paper_563.jpg,paper,DIGITAL
train_paper_564.jpg,paper,DIGITAL
train_paper_565.jpg,paper,DIGITAL
train_paper_566.jpg,paper,DIGITAL
train_paper_567.jpg,paper,DIGITAL
train_paper_568.jpg,paper,DIGITAL
train_paper_569.jpg,paper,DIGITAL
train_paper_570.jpg,paper,DIGITAL
train_paper_571.jpg,paper,DIGITAL
train_paper_572.jpg,paper,DIGITAL
train_paper_573.jpg,paper,DIGITAL
train_paper_574.jpg,paper,DIGITAL
train_paper_575.jpg,paper,DIGITAL
train_paper_576.jpg,paper,DIGITAL
train_paper_577.jpg,paper,DIGITAL
train_paper_578.jpg,paper,DIGITAL
train_paper_579.jpg,paper,DIGITAL
train_paper_580.jpg,paper,DIGITAL
train_paper_581.jpg,paper,DIGITAL
train_paper_582.jpg,paper,DIGITAL
train_paper_583.jpg,paper,DIGITAL
train_paper_584.jpg,paper,DIGITAL
train_paper_585.jpg,paper,DIGITAL
train_paper_586.jpg,paper,DIGITAL
train_paper_587.jpg,paper,DIGITAL
train_paper_588.jpg,paper,DIGITAL
train_paper_589.jpg,paper,DIGITAL
train_paper_590.jpg,paper,DIGITAL
train_paper_591.jpg,paper,DIGITAL
train_paper_592.jpg,paper,DIGITAL
train_paper_593.jpg,paper,DIGITAL
train_paper_594.jpg,paper,DIGITAL
train_paper_595.jpg,paper,DIGITAL
train_paper_596.jpg,paper,DIGITAL
train_paper_597.jpg,paper,DIGITAL
train_paper_598.jpg,paper,DIGITAL
train_paper_599.jpg,paper,DIGITAL
train_paper_600.jpg,paper,DIGITAL
train_paper_601.jpg,paper,DIGITAL
train_paper_602.jpg,paper,DIGITAL
train_paper_603.jpg,paper,DIGITAL
train_paper_604.jpg,paper,DIGITAL
train_paper_605.jpg,paper,DIGITAL
train_paper_606.jpg,paper,DIGITAL
train_paper_607.jpg,paper,DIGITAL
train_paper_608.jpg,paper,DIGITAL
train_paper_609.jpg,paper,DIGITAL
train_paper_610.jpg,paper,DIGITAL
train_paper_611.jpg,paper,DIGITAL
train_paper_612.jpg,paper,DIGITAL
train_paper_613.jpg,paper,DIGITAL
train_paper_614.jpg,paper,DIGITAL
train_paper_615.jpg,paper,DIGITAL
train_paper_616.jpg,paper,DIGITAL
train_paper_617.jpg,paper,DIGITAL
train_paper_618.jpg,paper,DIGITAL
train_paper_619.jpg,paper,DIGITAL
train_paper_620.jpg,paper,DIGITAL
train_paper_621.jpg,paper,DIGITAL
train_paper_622.jpg,paper,DIGITAL
train_paper_623.jpg,paper,DIGITAL
train_paper_624.jpg,paper,DIGITAL
train_paper_625.jpg,paper,DIGITAL
train_paper_626.jpg,paper,DIGITAL
train_paper_627.jpg,paper,DIGITAL
train_paper_628.jpg,paper,DIGITAL
train_paper_629.jpg,paper,DIGITAL
train_paper_630.jpg,paper,DIGITAL
train_paper_631.jpg,paper,DIGITAL
train_paper_632.jpg,paper,DIGITAL
train_paper_633.jpg,paper,DIGITAL
train_paper_634.jpg,paper,DIGITAL
train_paper_635.jpg,paper,DIGITAL
train_paper_636.jpg,paper,DIGITAL
train_paper_637.jpg,paper,DIGITAL
train_paper_638.jpg,paper,DIGITAL
train_paper_639.jpg,paper,DIGITAL
train_paper_640.jpg,paper,DIGITAL
train_paper_641.jpg,paper,DIGITAL
train_paper_642.jpg,paper,DIGITAL
train_paper_643.jpg,paper,DIGITAL
train_paper_644.jpg,paper,PHOTO
train_paper_645.jpg,paper,DIGITAL
train_paper_646.jpg,paper,PHOTO
train_paper_647.jpg,paper,DIGITAL
train_paper_648.jpg,paper,DIGITAL
train_paper_649.jpg,paper,PHOTO
train_paper_650.jpg,paper,DIGITAL
train_paper_651.jpg,paper,DIGITAL
train_paper_652.jpg,paper,DIGITAL
train_paper_653.jpg,paper,DIGITAL
train_paper_654.jpg,paper,DIGITAL
train_paper_655.jpg,paper,DIGITAL
train_paper_656.jpg,paper,DIGITAL
train_paper_657.jpg,paper,DIGITAL
train_paper_658.jpg,paper,DIGITAL
train_paper_659.jpg,paper,DIGITAL
train_paper_660.jpg,paper,DIGITAL
train_paper_661.jpg,paper,DIGITAL
train_paper_662.jpg,paper,DIGITAL
train_paper_663.jpg,paper,DIGITAL
train_paper_664.jpg,paper,DIGITAL
train_paper_665.jpg,paper,DIGITAL
train_paper_666.jpg,paper,DIGITAL
train_paper_667.jpg,paper,DIGITAL
train_paper_668.jpg,paper,DIGITAL
train_paper_669.jpg,paper,DIGITAL
train_paper_670.jpg,paper,PHOTO
train_paper_671.jpg,paper,DIGITAL
train_paper_672.jpg,paper,DIGITAL
train_paper_673.jpg,paper,DIGITAL
train_paper_674.jpg,paper,DIGITAL
train_paper_675.jpg,paper,DIGITAL
train_paper_676.jpg,paper,DIGITAL
train_paper_677.jpg,paper,DIGITAL
train_paper_678.jpg,paper,DIGITAL
train_paper_679.jpg,paper,DIGITAL
train_paper_680.jpg,paper,DIGITAL
train_paper_681.jpg,paper,DIGITAL
train_paper_682.jpg,paper,DIGITAL
train_paper_683.jpg,paper,DIGITAL
train_paper_684.jpg,paper,DIGITAL
train_paper_685.jpg,paper,DIGITAL
train_paper_686.jpg,paper,DIGITAL
train_paper_687.jpg,paper,DIGITAL
train_paper_688.jpg,paper,DIGITAL
train_paper_689.jpg,paper,DIGITAL
train_paper_690.jpg,paper,DIGITAL
train_paper_691.jpg,paper,DIGITAL
train_paper_692.jpg,paper,DIGITAL
train_paper_693.jpg,paper,DIGITAL
train_paper_694.jpg,paper,DIGITAL
train_paper_695.jpg,paper,DIGITAL
train_paper_696.jpg,paper,DIGITAL
train_paper_697.jpg,paper,DIGITAL
train_paper_698.jpg,paper,DIGITAL
train_paper_699.jpg,paper,DIGITAL
train_paper_700.jpg,paper,DIGITAL
train_paper_701.jpg,paper,DIGITAL
train_paper_702.jpg,paper,DIGITAL
train_paper_703.jpg,paper,DIGITAL
train_paper_704.jpg,paper,DIGITAL
train_paper_705.jpg,paper,DIGITAL
train_paper_706.jpg,paper,DIGITAL
train_paper_707.jpg,paper,DIGITAL
train_paper_708.jpg,paper,DIGITAL
train_paper_709.jpg,paper,DIGITAL
train_paper_710.jpg,paper,DIGITAL
train_paper_711.jpg,paper,DIGITAL
train_paper_712.jpg,paper,DIGITAL
train_paper_713.jpg,paper,PHOTO
train_paper_714.jpg,paper,DIGITAL
train_paper_715.jpg,paper,DIGITAL
train_paper_716.jpg,paper,DIGITAL
train_paper_717.jpg,paper,DIGITAL
train_paper_718.jpg,paper,DIGITAL
train_paper_719.jpg,paper,DIGITAL
train_paper_720.jpg,paper,PHOTO
train_paper_721.jpg,paper,DIGITAL
train_paper_722.jpg,paper,DIGITAL
train_paper_723.jpg,paper,DIGITAL
train_paper_724.jpg,paper,DIGITAL
train_paper_725.jpg,paper,DIGITAL
train_paper_726.jpg,paper,DIGITAL
train_plastic_000.jpg,plastic,PHOTO
train_plastic_001.jpg,plastic,DIGITAL
train_plastic_002.jpg,plastic,DIGITAL
train_plastic_003.jpg,plastic,PHOTO
train_plastic_004.jpg,plastic,PHOTO
train_plastic_005.jpg,plastic,DIGITAL
train_plastic_006.jpg,plastic,DIGITAL
train_plastic_007.jpg,plastic,DIGITAL
train_plastic_008.jpg,plastic,DIGITAL
train_plastic_009.jpg,plastic,PHOTO
train_plastic_010.jpg,plastic,DIGITAL
train_plastic_011.jpg,plastic,PHOTO
train_plastic_012.jpg,plastic,DIGITAL
train_plastic_013.jpg,plastic,DIGITAL
train_plastic_014.jpg,plastic,DIGITAL
train_plastic_015.jpg,plastic,DIGITAL
train_plastic_016.jpg,plastic,DIGITAL
train_plastic_017.jpg,plastic,DIGITAL
train_plastic_018.jpg,plastic,DIGITAL
train_plastic_019.jpg,plastic,DIGITAL
train_plastic_020.jpg,plastic,DIGITAL
train_plastic_021.jpg,plastic,DIGITAL
train_plastic_022.jpg,plastic,DIGITAL
train_plastic_023.jpg,plastic,PHOTO
train_plastic_024.jpg,plastic,DIGITAL
train_plastic_025.jpg,plastic,DIGITAL
train_plastic_026.jpg,plastic,DIGITAL
train_plastic_027.jpg,plastic,DIGITAL
train_plastic_028.jpg,plastic,PHOTO
train_plastic_029.jpg,plastic,PHOTO
train_plastic_030.jpg,plastic,PHOTO
train_plastic_031.jpg,plastic,PHOTO
train_plastic_032.jpg,plastic,DIGITAL
train_plastic_033.jpg,plastic,PHOTO
train_plastic_034.jpg,plastic,DIGITAL
train_plastic_035.jpg,plastic,PHOTO
train_plastic_036.jpg,plastic,DIGITAL
train_plastic_037.jpg,plastic,DIGITAL
train_plastic_038.jpg,plastic,PHOTO
train_plastic_039.jpg,plastic,PHOTO
train_plastic_040.jpg,plastic,DIGITAL
train_plastic_041.jpg,plastic,DIGITAL
train_plastic_042.jpg,plastic,DIGITAL
train_plastic_043.jpg,plastic,PHOTO
train_plastic_044.jpg,plastic,PHOTO
train_plastic_045.jpg,plastic,DIGITAL
train_plastic_046.jpg,plastic,DIGITAL
train_plastic_047.jpg,plastic,DIGITAL
train_plastic_048.jpg,plastic,DIGITAL
train_plastic_049.jpg,plastic,PHOTO
train_plastic_050.jpg,plastic,DIGITAL
train_plastic_051.jpg,plastic,DIGITAL
train_plastic_052.jpg,plastic,PHOTO
train_plastic_053.jpg,plastic,DIGITAL
train_plastic_054.jpg,plastic,DIGITAL
train_plastic_055.jpg,plastic,DIGITAL
train_plastic_056.jpg,plastic,DIGITAL
train_plastic_057.jpg,plastic,DIGITAL
train_plastic_058.jpg,plastic,PHOTO
train_plastic_059.jpg,plastic,DIGITAL
train_plastic_060.jpg,plastic,PHOTO
train_plastic_061.jpg,plastic,DIGITAL
train_plastic_062.jpg,plastic,DIGITAL
train_plastic_063.jpg,plastic,DIGITAL
train_plastic_064.jpg,plastic,DIGITAL
train_plastic_065.jpg,plastic,DIGITAL
train_plastic_066.jpg,plastic,DIGITAL
train_plastic_067.jpg,plastic,PHOTO
train_plastic_068.jpg,plastic,PHOTO
train_plastic_069.jpg,plastic,DIGITAL
train_plastic_070.jpg,plastic,DIGITAL
train_plastic_071.jpg,plastic,DIGITAL
train_plastic_072.jpg,plastic,DIGITAL
train_plastic_073.jpg,plastic,DIGITAL
train_plastic_074.jpg,plastic,DIGITAL
train_plastic_075.jpg,plastic,DIGITAL
train_plastic_076.jpg,plastic,DIGITAL
train_plastic_077.jpg,plastic,DIGITAL
train_plastic_078.jpg,plastic,PHOTO
train_plastic_079.jpg,plastic,DIGITAL
train_plastic_080.jpg,plastic,DIGITAL
train_plastic_081.jpg,plastic,DIGITAL
train_plastic_082.jpg,plastic,DIGITAL
train_plastic_083.jpg,plastic,DIGITAL
train_plastic_084.jpg,plastic,DIGITAL
train_plastic_085.jpg,plastic,DIGITAL
train_plastic_086.jpg,plastic,DIGITAL
train_plastic_087.jpg,plastic,DIGITAL
train_plastic_088.jpg,plastic,PHOTO
train_plastic_089.jpg,plastic,DIGITAL
train_plastic_090.jpg,plastic,PHOTO
train_plastic_091.jpg,plastic,DIGITAL
train_plastic_092.jpg,plastic,DIGITAL
train_plastic_093.jpg,plastic,DIGITAL
train_plastic_094.jpg,plastic,DIGITAL
train_plastic_095.jpg,plastic,DIGITAL
train_plastic_096.jpg,plastic,PHOTO
train_plastic_097.jpg,plastic,DIGITAL
train_plastic_098.jpg,plastic,PHOTO
train_plastic_099.jpg,plastic,DIGITAL
train_plastic_100.jpg,plastic,DIGITAL
train_plastic_101.jpg,plastic,DIGITAL
train_plastic_102.jpg,plastic,DIGITAL
train_plastic_103.jpg,plastic,DIGITAL
train_plastic_104.jpg,plastic,DIGITAL
train_plastic_105.jpg,plastic,PHOTO
train_plastic_106.jpg,plastic,PHOTO
train_plastic_107.jpg,plastic,DIGITAL
train_plastic_108.jpg,plastic,DIGITAL
train_plastic_109.jpg,plastic,PHOTO
train_plastic_110.jpg,plastic,DIGITAL
train_plastic_111.jpg,plastic,DIGITAL
train_plastic_112.jpg,plastic,DIGITAL
train_plastic_113.jpg,plastic,DIGITAL
train_plastic_114.jpg,plastic,DIGITAL
train_plastic_115.jpg,plastic,DIGITAL
train_plastic_116.jpg,plastic,PHOTO
train_plastic_117.jpg,plastic,PHOTO
train_plastic_118.jpg,plastic,DIGITAL
train_plastic_119.jpg,plastic,DIGITAL
train_plastic_120.jpg,plastic,PHOTO
train_plastic_121.jpg,plastic,PHOTO
train_plastic_122.jpg,plastic,DIGITAL
train_plastic_123.jpg,plastic,DIGITAL
train_plastic_124.jpg,plastic,DIGITAL
train_plastic_125.jpg,plastic,DIGITAL
train_plastic_126.jpg,plastic,DIGITAL
train_plastic_127.jpg,plastic,DIGITAL
train_plastic_128.jpg,plastic,DIGITAL
train_plastic_129.jpg,plastic,DIGITAL
train_plastic_130.jpg,plastic,DIGITAL
train_plastic_131.jpg,plastic,PHOTO
train_plastic_132.jpg,plastic,PHOTO
train_plastic_133.jpg,plastic,DIGITAL
train_plastic_134.jpg,plastic,PHOTO
train_plastic_135.jpg,plastic,PHOTO
train_plastic_136.jpg,plastic,DIGITAL
train_plastic_137.jpg,plastic,PHOTO
train_plastic_138.jpg,plastic,DIGITAL
train_plastic_139.jpg,plastic,PHOTO
train_plastic_140.jpg,plastic,DIGITAL
train_plastic_141.jpg,plastic,DIGITAL
train_plastic_142.jpg,plastic,DIGITAL
train_plastic_143.jpg,plastic,DIGITAL
train_plastic_144.jpg,plastic,DIGITAL
train_plastic_145.jpg,plastic,DIGITAL
train_plastic_146.jpg,plastic,DIGITAL
train_plastic_147.jpg,plastic,DIGITAL
train_plastic_148.jpg,plastic,DIGITAL
train_plastic_149.jpg,plastic,PHOTO
train_plastic_150.jpg,plastic,PHOTO
train_plastic_151.jpg,plastic,DIGITAL
train_plastic_152.jpg,plastic,DIGITAL
train_plastic_153.jpg,plastic,PHOTO
train_plastic_154.jpg,plastic,DIGITAL
train_plastic_155.jpg,plastic,DIGITAL
train_plastic_156.jpg,plastic,PHOTO
train_plastic_157.jpg,plastic,DIGITAL
train_plastic_158.jpg,plastic,PHOTO
train_plastic_159.jpg,plastic,DIGITAL
train_plastic_160.jpg,plastic,DIGITAL
train_plastic_161.jpg,plastic,PHOTO
train_plastic_162.jpg,plastic,PHOTO
train_plastic_163.jpg,plastic,DIGITAL
train_plastic_164.jpg,plastic,PHOTO
train_plastic_165.jpg,plastic,DIGITAL
train_plastic_166.jpg,plastic,DIGITAL
train_plastic_167.jpg,plastic,DIGITAL
train_plastic_168.jpg,plastic,DIGITAL
train_plastic_169.jpg,plastic,DIGITAL
train_plastic_170.jpg,plastic,DIGITAL
train_plastic_171.jpg,plastic,DIGITAL
train_plastic_172.jpg,plastic,DIGITAL
train_plastic_173.jpg,plastic,DIGITAL
train_plastic_174.jpg,plastic,DIGITAL
train_plastic_175.jpg,plastic,PHOTO
train_plastic_176.jpg,plastic,DIGITAL
train_plastic_177.jpg,plastic,DIGITAL
train_plastic_178.jpg,plastic,PHOTO
train_plastic_179.jpg,plastic,DIGITAL
train_plastic_180.jpg,plastic,DIGITAL
train_plastic_181.jpg,plastic,DIGITAL
train_plastic_182.jpg,plastic,DIGITAL
train_plastic_183.jpg,plastic,DIGITAL
train_plastic_184.jpg,plastic,PHOTO
train_plastic_185.jpg,plastic,DIGITAL
train_plastic_186.jpg,plastic,PHOTO
train_plastic_187.jpg,plastic,DIGITAL
train_plastic_188.jpg,plastic,PHOTO
train_plastic_189.jpg,plastic,PHOTO
train_plastic_190.jpg,plastic,DIGITAL
train_plastic_191.jpg,plastic,DIGITAL
train_plastic_192.jpg,plastic,DIGITAL
train_plastic_193.jpg,plastic,DIGITAL
train_plastic_194.jpg,plastic,DIGITAL
train_plastic_195.jpg,plastic,DIGITAL
train_plastic_196.jpg,plastic,PHOTO
train_plastic_197.jpg,plastic,DIGITAL
train_plastic_198.jpg,plastic,DIGITAL
train_plastic_199.jpg,plastic,DIGITAL
train_plastic_200.jpg,plastic,DIGITAL
train_plastic_201.jpg,plastic,DIGITAL
train_plastic_202.jpg,plastic,PHOTO
train_plastic_203.jpg,plastic,DIGITAL
train_plastic_204.jpg,plastic,DIGITAL
train_plastic_205.jpg,plastic,DIGITAL
train_plastic_206.jpg,plastic,DIGITAL
train_plastic_207.jpg,plastic,DIGITAL
train_plastic_208.jpg,plastic,DIGITAL
train_plastic_209.jpg,plastic,PHOTO
train_plastic_210.jpg,plastic,DIGITAL
train_plastic_211.jpg,plastic,PHOTO
train_plastic_212.jpg,plastic,PHOTO
train_plastic_213.jpg,plastic,PHOTO
train_plastic_214.jpg,plastic,PHOTO
train_plastic_215.jpg,plastic,DIGITAL
train_plastic_216.jpg,plastic,DIGITAL
train_plastic_217.jpg,plastic,DIGITAL
train_plastic_218.jpg,plastic,DIGITAL
train_plastic_219.jpg,plastic,PHOTO
train_plastic_220.jpg,plastic,DIGITAL
train_plastic_221.jpg,plastic,DIGITAL
train_plastic_222.jpg,plastic,DIGITAL
train_plastic_223.jpg,plastic,DIGITAL
train_plastic_224.jpg,plastic,PHOTO
train_plastic_225.jpg,plastic,DIGITAL
train_plastic_226.jpg,plastic,DIGITAL
train_plastic_227.jpg,plastic,DIGITAL
train_plastic_228.jpg,plastic,DIGITAL
train_plastic_229.jpg,plastic,DIGITAL
train_plastic_230.jpg,plastic,DIGITAL
train_plastic_231.jpg,plastic,DIGITAL
train_plastic_232.jpg,plastic,DIGITAL
train_plastic_233.jpg,plastic,DIGITAL
train_plastic_234.jpg,plastic,DIGITAL
train_plastic_235.jpg,plastic,PHOTO
train_plastic_236.jpg,plastic,PHOTO
train_plastic_237.jpg,plastic,DIGITAL
train_plastic_238.jpg,plastic,DIGITAL
train_plastic_239.jpg,plastic,DIGITAL
train_plastic_240.jpg,plastic,DIGITAL
train_plastic_241.jpg,plastic,PHOTO
train_plastic_242.jpg,plastic,DIGITAL
train_plastic_243.jpg,plastic,PHOTO
train_plastic_244.jpg,plastic,PHOTO
train_plastic_245.jpg,plastic,PHOTO
train_plastic_246.jpg,plastic,DIGITAL
train_plastic_247.jpg,plastic,PHOTO
train_plastic_248.jpg,plastic,DIGITAL
train_plastic_249.jpg,plastic,PHOTO
train_plastic_250.jpg,plastic,DIGITAL
train_plastic_251.jpg,plastic,DIGITAL
train_plastic_252.jpg,plastic,DIGITAL
train_plastic_253.jpg,plastic,DIGITAL
train_plastic_254.jpg,plastic,DIGITAL
train_plastic_255.jpg,plastic,DIGITAL
train_plastic_256.jpg,plastic,PHOTO
train_plastic_257.jpg,plastic,DIGITAL
train_plastic_258.jpg,plastic,PHOTO
train_plastic_259.jpg,plastic,PHOTO
train_plastic_260.jpg,plastic,PHOTO
train_plastic_261.jpg,plastic,DIGITAL
train_plastic_262.jpg,plastic,DIGITAL
train_plastic_263.jpg,plastic,DIGITAL
train_plastic_264.jpg,plastic,DIGITAL
train_plastic_265.jpg,plastic,DIGITAL
train_plastic_266.jpg,plastic,DIGITAL
train_plastic_267.jpg,plastic,DIGITAL
train_plastic_268.jpg,plastic,PHOTO
train_plastic_269.jpg,plastic,DIGITAL
train_plastic_270.jpg,plastic,DIGITAL
train_plastic_271.jpg,plastic,PHOTO
train_plastic_272.jpg,plastic,DIGITAL
train_plastic_273.jpg,plastic,DIGITAL
train_plastic_274.jpg,plastic,DIGITAL
train_plastic_275.jpg,plastic,PHOTO
train_plastic_276.jpg,plastic,DIGITAL
train_plastic_277.jpg,plastic,DIGITAL
train_plastic_278.jpg,plastic,DIGITAL
train_plastic_279.jpg,plastic,DIGITAL
train_plastic_280.jpg,plastic,DIGITAL
train_plastic_281.jpg,plastic,DIGITAL
train_plastic_282.jpg,plastic,PHOTO
train_plastic_283.jpg,plastic,PHOTO
train_plastic_284.jpg,plastic,DIGITAL
train_plastic_285.jpg,plastic,DIGITAL
train_plastic_286.jpg,plastic,DIGITAL
train_plastic_287.jpg,plastic,DIGITAL
train_plastic_288.jpg,plastic,PHOTO
train_plastic_289.jpg,plastic,DIGITAL
train_plastic_290.jpg,plastic,DIGITAL
train_plastic_291.jpg,plastic,DIGITAL
train_plastic_292.jpg,plastic,DIGITAL
train_plastic_293.jpg,plastic,DIGITAL
train_plastic_294.jpg,plastic,DIGITAL
train_plastic_295.jpg,plastic,DIGITAL
train_plastic_296.jpg,plastic,DIGITAL
train_plastic_297.jpg,plastic,PHOTO
train_plastic_298.jpg,plastic,DIGITAL
train_plastic_299.jpg,plastic,DIGITAL
train_plastic_300.jpg,plastic,DIGITAL
train_plastic_301.jpg,plastic,DIGITAL
train_plastic_302.jpg,plastic,DIGITAL
train_plastic_303.jpg,plastic,PHOTO
train_plastic_304.jpg,plastic,PHOTO
train_plastic_305.jpg,plastic,DIGITAL
train_plastic_306.jpg,plastic,DIGITAL
train_plastic_307.jpg,plastic,DIGITAL
train_plastic_308.jpg,plastic,DIGITAL
train_plastic_309.jpg,plastic,DIGITAL
train_plastic_310.jpg,plastic,DIGITAL
train_plastic_311.jpg,plastic,DIGITAL
train_plastic_312.jpg,plastic,DIGITAL
train_plastic_313.jpg,plastic,PHOTO
train_plastic_314.jpg,plastic,PHOTO
train_plastic_315.jpg,plastic,DIGITAL
train_plastic_316.jpg,plastic,PHOTO
train_plastic_317.jpg,plastic,DIGITAL
train_plastic_318.jpg,plastic,DIGITAL
train_plastic_319.jpg,plastic,DIGITAL
train_plastic_320.jpg,plastic,DIGITAL
train_plastic_321.jpg,plastic,DIGITAL
train_plastic_322.jpg,plastic,DIGITAL
train_plastic_323.jpg,plastic,DIGITAL
train_plastic_324.jpg,plastic,PHOTO
train_plastic_325.jpg,plastic,PHOTO
train_plastic_326.jpg,plastic,DIGITAL
train_plastic_327.jpg,plastic,PHOTO
train_plastic_328.jpg,plastic,DIGITAL
train_plastic_329.jpg,plastic,DIGITAL
train_plastic_330.jpg,plastic,DIGITAL
train_plastic_331.jpg,plastic,DIGITAL
train_plastic_332.jpg,plastic,PHOTO
train_plastic_333.jpg,plastic,PHOTO
train_plastic_334.jpg,plastic,DIGITAL
train_plastic_335.jpg,plastic,DIGITAL
train_plastic_336.jpg,plastic,DIGITAL
train_plastic_337.jpg,plastic,PHOTO
train_plastic_338.jpg,plastic,DIGITAL
train_plastic_339.jpg,plastic,DIGITAL
train_plastic_340.jpg,plastic,PHOTO
train_plastic_341.jpg,plastic,DIGITAL
train_plastic_342.jpg,plastic,DIGITAL
train_plastic_343.jpg,plastic,DIGITAL
train_plastic_344.jpg,plastic,PHOTO
train_plastic_345.jpg,plastic,DIGITAL
train_plastic_346.jpg,plastic,DIGITAL
train_plastic_347.jpg,plastic,PHOTO
train_plastic_348.jpg,plastic,DIGITAL
train_plastic_349.jpg,plastic,DIGITAL
train_plastic_350.jpg,plastic,DIGITAL
train_plastic_351.jpg,plastic,DIGITAL
train_plastic_352.jpg,plastic,DIGITAL
train_plastic_353.jpg,plastic,PHOTO
train_plastic_354.jpg,plastic,DIGITAL
train_plastic_355.jpg,plastic,DIGITAL
train_plastic_356.jpg,plastic,PHOTO
train_plastic_357.jpg,plastic,DIGITAL
train_plastic_358.jpg,plastic,DIGITAL
train_plastic_359.jpg,plastic,DIGITAL
train_plastic_360.jpg,plastic,DIGITAL
train_plastic_361.jpg,plastic,PHOTO
train_plastic_362.jpg,plastic,DIGITAL
train_plastic_363.jpg,plastic,DIGITAL
train_plastic_364.jpg,plastic,DIGITAL
train_plastic_365.jpg,plastic,DIGITAL
train_plastic_366.jpg,plastic,PHOTO
train_plastic_367.jpg,plastic,DIGITAL
train_plastic_368.jpg,plastic,PHOTO
train_plastic_369.jpg,plastic,DIGITAL
train_plastic_370.jpg,plastic,DIGITAL
train_plastic_371.jpg,plastic,DIGITAL
train_plastic_372.jpg,plastic,PHOTO
train_plastic_373.jpg,plastic,PHOTO
train_plastic_374.jpg,plastic,DIGITAL
train_plastic_375.jpg,plastic,DIGITAL
train_plastic_376.jpg,plastic,DIGITAL
train_plastic_377.jpg,plastic,DIGITAL
train_plastic_378.jpg,plastic,PHOTO
train_plastic_379.jpg,plastic,DIGITAL
train_plastic_380.jpg,plastic,PHOTO
train_plastic_381.jpg,plastic,DIGITAL
train_plastic_382.jpg,plastic,DIGITAL
train_plastic_383.jpg,plastic,DIGITAL
train_plastic_384.jpg,plastic,DIGITAL
train_plastic_385.jpg,plastic,PHOTO
train_plastic_386.jpg,plastic,PHOTO
train_plastic_387.jpg,plastic,DIGITAL
train_plastic_388.jpg,plastic,PHOTO
train_plastic_389.jpg,plastic,DIGITAL
train_plastic_390.jpg,plastic,DIGITAL
train_plastic_391.jpg,plastic,DIGITAL
train_plastic_392.jpg,plastic,DIGITAL
train_plastic_393.jpg,plastic,PHOTO
train_plastic_394.jpg,plastic,PHOTO
train_plastic_395.jpg,plastic,DIGITAL
train_plastic_396.jpg,plastic,DIGITAL
train_plastic_397.jpg,plastic,DIGITAL
train_plastic_398.jpg,plastic,PHOTO
train_plastic_399.jpg,plastic,DIGITAL
train_plastic_400.jpg,plastic,PHOTO
train_plastic_401.jpg,plastic,DIGITAL
train_plastic_402.jpg,plastic,DIGITAL
train_plastic_403.jpg,plastic,DIGITAL
train_plastic_404.jpg,plastic,DIGITAL
train_plastic_405.jpg,plastic,DIGITAL
train_plastic_406.jpg,plastic,DIGITAL
train_plastic_407.jpg,plastic,DIGITAL
train_plastic_408.jpg,plastic,PHOTO
train_plastic_409.jpg,plastic,PHOTO
train_plastic_410.jpg,plastic,PHOTO
train_plastic_411.jpg,plastic,PHOTO
train_plastic_412.jpg,plastic,PHOTO
train_plastic_413.jpg,plastic,DIGITAL
train_plastic_414.jpg,plastic,DIGITAL
train_plastic_415.jpg,plastic,DIGITAL
train_plastic_416.jpg,plastic,DIGITAL
train_plastic_417.jpg,plastic,DIGITAL
train_plastic_418.jpg,plastic,DIGITAL
train_plastic_419.jpg,plastic,DIGITAL
train_plastic_420.jpg,plastic,DIGITAL
train_plastic_421.jpg,plastic,PHOTO
train_plastic_422.jpg,plastic,DIGITAL
train_plastic_423.jpg,plastic,PHOTO
train_plastic_424.jpg,plastic,DIGITAL
train_plastic_425.jpg,plastic,DIGITAL
train_plastic_426.jpg,plastic,PHOTO
train_plastic_427.jpg,plastic,PHOTO
train_plastic_428.jpg,plastic,DIGITAL
train_plastic_429.jpg,plastic,DIGITAL
train_plastic_430.jpg,plastic,DIGITAL
train_plastic_431.jpg,plastic,PHOTO
train_plastic_432.jpg,plastic,DIGITAL
train_plastic_433.jpg,plastic,PHOTO
train_plastic_434.jpg,plastic,PHOTO
train_plastic_435.jpg,plastic,DIGITAL
train_plastic_436.jpg,plastic,DIGITAL
train_plastic_437.jpg,plastic,PHOTO
train_plastic_438.jpg,plastic,PHOTO
train_plastic_439.jpg,plastic,PHOTO
train_plastic_440.jpg,plastic,DIGITAL
train_plastic_441.jpg,plastic,DIGITAL
train_plastic_442.jpg,plastic,PHOTO
train_plastic_443.jpg,plastic,DIGITAL
train_plastic_444.jpg,plastic,PHOTO
train_plastic_445.jpg,plastic,DIGITAL
train_plastic_446.jpg,plastic,DIGITAL
train_plastic_447.jpg,plastic,DIGITAL
train_plastic_448.jpg,plastic,PHOTO
train_plastic_449.jpg,plastic,DIGITAL
train_plastic_450.jpg,plastic,DIGITAL
train_plastic_451.jpg,plastic,PHOTO
train_plastic_452.jpg,plastic,DIGITAL
train_plastic_453.jpg,plastic,PHOTO
train_plastic_454.jpg,plastic,DIGITAL
train_plastic_455.jpg,plastic,DIGITAL
train_plastic_456.jpg,plastic,PHOTO
train_plastic_457.jpg,plastic,DIGITAL
train_plastic_458.jpg,plastic,DIGITAL
train_plastic_459.jpg,plastic,PHOTO
train_plastic_460.jpg,plastic,PHOTO
train_plastic_461.jpg,plastic,DIGITAL
train_plastic_462.jpg,plastic,PHOTO
train_plastic_463.jpg,plastic,PHOTO
train_plastic_464.jpg,plastic,DIGITAL
train_plastic_465.jpg,plastic,PHOTO
train_plastic_466.jpg,plastic,PHOTO
train_plastic_467.jpg,plastic,DIGITAL
train_plastic_468.jpg,plastic,PHOTO
train_plastic_469.jpg,plastic,DIGITAL
train_plastic_470.jpg,plastic,DIGITAL
train_plastic_471.jpg,plastic,PHOTO
train_plastic_472.jpg,plastic,DIGITAL
train_plastic_473.jpg,plastic,DIGITAL
train_plastic_474.jpg,plastic,DIGITAL
train_plastic_475.jpg,plastic,PHOTO
train_plastic_476.jpg,plastic,DIGITAL
train_plastic_477.jpg,plastic,DIGITAL
train_plastic_478.jpg,plastic,DIGITAL
train_plastic_479.jpg,plastic,DIGITAL
train_plastic_480.jpg,plastic,PHOTO
train_plastic_481.jpg,plastic,PHOTO
train_plastic_482.jpg,plastic,PHOTO
train_plastic_483.jpg,plastic,DIGITAL
train_plastic_484.jpg,plastic,DIGITAL
train_plastic_485.jpg,plastic,DIGITAL
train_plastic_486.jpg,plastic,DIGITAL
train_plastic_487.jpg,plastic,DIGITAL
train_plastic_488.jpg,plastic,PHOTO
train_plastic_489.jpg,plastic,PHOTO
train_plastic_490.jpg,plastic,DIGITAL
train_plastic_491.jpg,plastic,PHOTO
train_plastic_492.jpg,plastic,PHOTO
train_plastic_493.jpg,plastic,PHOTO
train_plastic_494.jpg,plastic,DIGITAL
train_plastic_495.jpg,plastic,DIGITAL
train_plastic_496.jpg,plastic,DIGITAL
train_plastic_497.jpg,plastic,DIGITAL
train_plastic_498.jpg,plastic,PHOTO
train_plastic_499.jpg,plastic,DIGITAL
train_plastic_500.jpg,plastic,DIGITAL
train_plastic_501.jpg,plastic,DIGITAL
train_plastic_502.jpg,plastic,PHOTO
train_plastic_503.jpg,plastic,PHOTO
train_plastic_504.jpg,plastic,PHOTO
train_plastic_505.jpg,plastic,PHOTO
train_plastic_506.jpg,plastic,PHOTO
train_plastic_507.jpg,plastic,DIGITAL
train_plastic_508.jpg,plastic,PHOTO
train_plastic_509.jpg,plastic,DIGITAL
train_plastic_510.jpg,plastic,PHOTO
train_plastic_511.jpg,plastic,DIGITAL
train_plastic_512.jpg,plastic,DIGITAL
train_plastic_513.jpg,plastic,PHOTO
train_plastic_514.jpg,plastic,DIGITAL
train_plastic_515.jpg,plastic,DIGITAL
train_plastic_516.jpg,plastic,DIGITAL
train_plastic_517.jpg,plastic,DIGITAL
train_plastic_518.jpg,plastic,DIGITAL
train_plastic_519.jpg,plastic,DIGITAL
train_plastic_520.jpg,plastic,DIGITAL
train_plastic_521.jpg,plastic,PHOTO
train_plastic_522.jpg,plastic,DIGITAL
train_plastic_523.jpg,plastic,DIGITAL
train_plastic_524.jpg,plastic,DIGITAL
train_plastic_525.jpg,plastic,DIGITAL
train_plastic_526.jpg,plastic,DIGITAL
train_plastic_527.jpg,plastic,DIGITAL
train_plastic_528.jpg,plastic,DIGITAL
train_plastic_529.jpg,plastic,DIGITAL
train_plastic_530.jpg,plastic,DIGITAL
train_plastic_531.jpg,plastic,PHOTO
train_plastic_532.jpg,plastic,DIGITAL
train_plastic_533.jpg,plastic,DIGITAL
train_plastic_534.jpg,plastic,DIGITAL
train_plastic_535.jpg,plastic,PHOTO
train_plastic_536.jpg,plastic,DIGITAL
train_plastic_537.jpg,plastic,PHOTO
train_plastic_538.jpg,plastic,DIGITAL
train_plastic_539.jpg,plastic,DIGITAL
train_plastic_540.jpg,plastic,PHOTO
train_plastic_541.jpg,plastic,DIGITAL
train_plastic_542.jpg,plastic,DIGITAL
train_plastic_543.jpg,plastic,PHOTO
train_plastic_544.jpg,plastic,PHOTO
train_plastic_545.jpg,plastic,DIGITAL
train_plastic_546.jpg,plastic,PHOTO
train_plastic_547.jpg,plastic,DIGITAL
train_plastic_548.jpg,plastic,DIGITAL
train_plastic_549.jpg,plastic,PHOTO
train_plastic_550.jpg,plastic,DIGITAL
train_plastic_551.jpg,plastic,DIGITAL
train_plastic_552.jpg,plastic,DIGITAL
train_plastic_553.jpg,plastic,PHOTO
train_plastic_554.jpg,plastic,DIGITAL
train_plastic_555.jpg,plastic,DIGITAL
train_plastic_556.jpg,plastic,DIGITAL
train_plastic_557.jpg,plastic,PHOTO
train_plastic_558.jpg,plastic,DIGITAL
train_plastic_559.jpg,plastic,DIGITAL
train_plastic_560.jpg,plastic,PHOTO
train_plastic_561.jpg,plastic,DIGITAL
train_plastic_562.jpg,plastic,DIGITAL
train_plastic_563.jpg,plastic,PHOTO
train_plastic_564.jpg,plastic,PHOTO
train_plastic_565.jpg,plastic,DIGITAL
train_plastic_566.jpg,plastic,DIGITAL
train_plastic_567.jpg,plastic,DIGITAL
train_plastic_568.jpg,plastic,DIGITAL
train_plastic_569.jpg,plastic,DIGITAL
train_plastic_570.jpg,plastic,DIGITAL
train_plastic_571.jpg,plastic,DIGITAL
train_plastic_572.jpg,plastic,DIGITAL
train_plastic_573.jpg,plastic,DIGITAL
train_plastic_574.jpg,plastic,PHOTO
train_plastic_575.jpg,plastic,DIGITAL
train_plastic_576.jpg,plastic,DIGITAL
train_plastic_577.jpg,plastic,DIGITAL
train_plastic_578.jpg,plastic,PHOTO
train_plastic_579.jpg,plastic,DIGITAL
train_plastic_580.jpg,plastic,DIGITAL
train_plastic_581.jpg,plastic,DIGITAL
train_plastic_582.jpg,plastic,PHOTO
train_plastic_583.jpg,plastic,DIGITAL
train_plastic_584.jpg,plastic,DIGITAL
train_plastic_585.jpg,plastic,DIGITAL
train_plastic_586.jpg,plastic,DIGITAL
train_plastic_587.jpg,plastic,DIGITAL
train_plastic_588.jpg,plastic,DIGITAL
train_plastic_589.jpg,plastic,PHOTO
train_plastic_590.jpg,plastic,DIGITAL
train_trash_000.jpg,trash,PHOTO
train_trash_001.jpg,trash,DIGITAL
train_trash_002.jpg,trash,PHOTO
train_trash_003.jpg,trash,DIGITAL
train_trash_004.jpg,trash,DIGITAL
train_trash_005.jpg,trash,DIGITAL
train_trash_006.jpg,trash,DIGITAL
train_trash_007.jpg,trash,DIGITAL
train_trash_008.jpg,trash,PHOTO
train_trash_009.jpg,trash,PHOTO
train_trash_010.jpg,trash,DIGITAL
train_trash_011.jpg,trash,PHOTO
train_trash_012.jpg,trash,DIGITAL
train_trash_013.jpg,trash,DIGITAL
train_trash_014.jpg,trash,PHOTO
train_trash_015.jpg,trash,PHOTO
train_trash_016.jpg,trash,DIGITAL
train_trash_017.jpg,trash,PHOTO
train_trash_018.jpg,trash,DIGITAL
train_trash_019.jpg,trash,DIGITAL
train_trash_020.jpg,trash,PHOTO
train_trash_021.jpg,trash,PHOTO
train_trash_022.jpg,trash,PHOTO
train_trash_023.jpg,trash,DIGITAL
train_trash_024.jpg,trash,DIGITAL
train_trash_025.jpg,trash,PHOTO
train_trash_026.jpg,trash,DIGITAL
train_trash_027.jpg,trash,DIGITAL
train_trash_028.jpg,trash,PHOTO
train_trash_029.jpg,trash,DIGITAL
train_trash_030.jpg,trash,DIGITAL
train_trash_031.jpg,trash,DIGITAL
train_trash_032.jpg,trash,PHOTO
train_trash_033.jpg,trash,PHOTO
train_trash_034.jpg,trash,DIGITAL
train_trash_035.jpg,trash,DIGITAL
train_trash_036.jpg,trash,DIGITAL
train_trash_037.jpg,trash,DIGITAL
train_trash_038.jpg,trash,PHOTO
train_trash_039.jpg,trash,DIGITAL
train_trash_040.jpg,trash,DIGITAL
train_trash_041.jpg,trash,PHOTO
train_trash_042.jpg,trash,PHOTO
train_trash_043.jpg,trash,PHOTO
train_trash_044.jpg,trash,PHOTO
train_trash_045.jpg,trash,DIGITAL
train_trash_046.jpg,trash,PHOTO
train_trash_047.jpg,trash,PHOTO
train_trash_048.jpg,trash,DIGITAL
train_trash_049.jpg,trash,DIGITAL
train_trash_050.jpg,trash,DIGITAL
train_trash_051.jpg,trash,DIGITAL
train_trash_052.jpg,trash,DIGITAL
train_trash_053.jpg,trash,PHOTO
train_trash_054.jpg,trash,PHOTO
train_trash_055.jpg,trash,PHOTO
train_trash_056.jpg,trash,DIGITAL
train_trash_057.jpg,trash,DIGITAL
train_trash_058.jpg,trash,DIGITAL
train_trash_059.jpg,trash,DIGITAL
train_trash_060.jpg,trash,DIGITAL
train_trash_061.jpg,trash,DIGITAL
train_trash_062.jpg,trash,DIGITAL
train_trash_063.jpg,trash,DIGITAL
train_trash_064.jpg,trash,PHOTO
train_trash_065.jpg,trash,DIGITAL
train_trash_066.jpg,trash,DIGITAL
train_trash_067.jpg,trash,DIGITAL
train_trash_068.jpg,trash,DIGITAL
train_trash_069.jpg,trash,PHOTO
train_trash_070.jpg,trash,PHOTO
train_trash_071.jpg,trash,DIGITAL
train_trash_072.jpg,trash,PHOTO
train_trash_073.jpg,trash,DIGITAL
train_trash_074.jpg,trash,PHOTO
train_trash_075.jpg,trash,DIGITAL
train_trash_076.jpg,trash,DIGITAL
train_trash_077.jpg,trash,DIGITAL
train_trash_078.jpg,trash,DIGITAL
train_trash_079.jpg,trash,PHOTO
train_trash_080.jpg,trash,PHOTO
train_trash_081.jpg,trash,DIGITAL
train_trash_082.jpg,trash,PHOTO
train_trash_083.jpg,trash,PHOTO
train_trash_084.jpg,trash,DIGITAL
train_trash_085.jpg,trash,DIGITAL
train_trash_086.jpg,trash,PHOTO
train_trash_087.jpg,trash,DIGITAL
train_trash_088.jpg,trash,DIGITAL
train_trash_089.jpg,trash,DIGITAL
train_trash_090.jpg,trash,PHOTO
train_trash_091.jpg,trash,PHOTO
train_trash_092.jpg,trash,PHOTO
train_trash_093.jpg,trash,DIGITAL
train_trash_094.jpg,trash,PHOTO
train_trash_095.jpg,trash,PHOTO
train_trash_096.jpg,trash,DIGITAL
train_trash_097.jpg,trash,PHOTO
train_trash_098.jpg,trash,DIGITAL
train_trash_099.jpg,trash,DIGITAL
train_trash_100.jpg,trash,DIGITAL
train_trash_101.jpg,trash,DIGITAL
train_trash_102.jpg,trash,DIGITAL
train_trash_103.jpg,trash,DIGITAL
train_trash_104.jpg,trash,DIGITAL
train_trash_105.jpg,trash,DIGITAL
train_trash_106.jpg,trash,PHOTO
train_trash_107.jpg,trash,DIGITAL
train_trash_108.jpg,trash,PHOTO
train_trash_109.jpg,trash,PHOTO
train_trash_110.jpg,trash,DIGITAL
train_trash_111.jpg,trash,DIGITAL
train_trash_112.jpg,trash,PHOTO
train_trash_113.jpg,trash,DIGITAL
train_trash_114.jpg,trash,DIGITAL
train_trash_115.jpg,trash,DIGITAL
train_trash_116.jpg,trash,PHOTO
train_trash_117.jpg,trash,DIGITAL
train_trash_118.jpg,trash,PHOTO
train_trash_119.jpg,trash,DIGITAL
train_trash_120.jpg,trash,DIGITAL
train_trash_121.jpg,trash,DIGITAL
train_trash_122.jpg,trash,DIGITAL
train_trash_123.jpg,trash,DIGITAL
train_trash_124.jpg,trash,DIGITAL
train_trash_125.jpg,trash,DIGITAL
train_trash_126.jpg,trash,PHOTO
train_trash_127.jpg,trash,PHOTO
train_trash_128.jpg,trash,PHOTO
train_trash_129.jpg,trash,DIGITAL
train_trash_130.jpg,trash,PHOTO
train_trash_131.jpg,trash,DIGITAL
train_trash_132.jpg,trash,PHOTO
train_trash_133.jpg,trash,DIGITAL
train_trash_134.jpg,trash,PHOTO
train_trash_135.jpg,trash,PHOTO
train_trash_136.jpg,trash,PHOTO
train_trash_137.jpg,trash,PHOTO
train_trash_138.jpg,trash,DIGITAL
train_trash_139.jpg,trash,PHOTO
train_trash_140.jpg,trash,DIGITAL
train_trash_141.jpg,trash,DIGITAL
train_trash_142.jpg,trash,PHOTO
train_trash_143.jpg,trash,DIGITAL
train_trash_144.jpg,trash,DIGITAL
train_trash_145.jpg,trash,DIGITAL
train_trash_146.jpg,trash,DIGITAL
train_trash_147.jpg,trash,DIGITAL
train_trash_148.jpg,trash,DIGITAL
train_trash_149.jpg,trash,PHOTO
train_trash_150.jpg,trash,DIGITAL
train_trash_151.jpg,trash,DIGITAL
train_trash_152.jpg,trash,PHOTO
train_trash_153.jpg,trash,DIGITAL
train_trash_154.jpg,trash,DIGITAL
train_trash_155.jpg,trash,PHOTO
train_trash_156.jpg,trash,DIGITAL
train_trash_157.jpg,trash,DIGITAL
train_trash_158.jpg,trash,DIGITAL
train_trash_159.jpg,trash,DIGITAL
train_trash_160.jpg,trash,DIGITAL
train_trash_161.jpg,trash,PHOTO
train_trash_162.jpg,trash,DIGITAL
train_trash_163.jpg,trash,PHOTO
train_trash_164.jpg,trash,PHOTO
train_trash_165.jpg,trash,DIGITAL
train_trash_166.jpg,trash,DIGITAL
train_trash_167.jpg,trash,PHOTO
train_trash_168.jpg,trash,PHOTO
train_trash_169.jpg,trash,PHOTO
train_trash_170.jpg,trash,DIGITAL
train_trash_171.jpg,trash,DIGITAL
train_trash_172.jpg,trash,PHOTO
train_trash_173.jpg,trash,DIGITAL
train_trash_174.jpg,trash,DIGITAL
train_trash_175.jpg,trash,PHOTO
train_trash_176.jpg,trash,PHOTO
train_trash_177.jpg,trash,PHOTO
train_trash_178.jpg,trash,DIGITAL
train_trash_179.jpg,trash,DIGITAL
train_trash_180.jpg,trash,PHOTO
train_trash_181.jpg,trash,PHOTO
train_trash_182.jpg,trash,DIGITAL
train_trash_183.jpg,trash,DIGITAL
train_trash_184.jpg,trash,DIGITAL
train_trash_185.jpg,trash,DIGITAL
train_trash_186.jpg,trash,PHOTO
train_trash_187.jpg,trash,PHOTO
train_trash_188.jpg,trash,DIGITAL
train_trash_189.jpg,trash,DIGITAL
train_trash_190.jpg,trash,DIGITAL
train_trash_191.jpg,trash,DIGITAL
train_trash_192.jpg,trash,DIGITAL
train_trash_193.jpg,trash,PHOTO
train_trash_194.jpg,trash,DIGITAL
train_trash_195.jpg,trash,DIGITAL
train_trash_196.jpg,trash,PHOTO
train_trash_197.jpg,trash,DIGITAL
train_trash_198.jpg,trash,DIGITAL
train_trash_199.jpg,trash,DIGITAL
train_trash_200.jpg,trash,DIGITAL
train_trash_201.jpg,trash,DIGITAL
train_trash_202.jpg,trash,PHOTO
train_trash_203.jpg,trash,DIGITAL
train_trash_204.jpg,trash,DIGITAL
train_trash_205.jpg,trash,DIGITAL
train_trash_206.jpg,trash,PHOTO
train_trash_207.jpg,trash,DIGITAL
train_trash_208.jpg,trash,DIGITAL
train_trash_209.jpg,trash,DIGITAL
train_trash_210.jpg,trash,DIGITAL
train_trash_211.jpg,trash,PHOTO
train_trash_212.jpg,trash,DIGITAL
train_trash_213.jpg,trash,DIGITAL
train_trash_214.jpg,trash,DIGITAL
train_trash_215.jpg,trash,PHOTO
train_trash_216.jpg,trash,PHOTO
train_trash_217.jpg,trash,PHOTO
train_trash_218.jpg,trash,DIGITAL
train_trash_219.jpg,trash,DIGITAL
train_trash_220.jpg,trash,DIGITAL
train_trash_221.jpg,trash,PHOTO
train_trash_222.jpg,trash,PHOTO
train_trash_223.jpg,trash,PHOTO
train_trash_224.jpg,trash,DIGITAL
train_trash_225.jpg,trash,DIGITAL
train_trash_226.jpg,trash,DIGITAL
train_trash_227.jpg,trash,DIGITAL
train_trash_228.jpg,trash,PHOTO
train_trash_229.jpg,trash,PHOTO
train_trash_230.jpg,trash,DIGITAL
train_trash_231.jpg,trash,DIGITAL
train_trash_232.jpg,trash,DIGITAL
train_trash_233.jpg,trash,DIGITAL
train_trash_234.jpg,trash,DIGITAL
train_trash_235.jpg,trash,DIGITAL
train_trash_236.jpg,trash,PHOTO
train_trash_237.jpg,trash,DIGITAL
train_trash_238.jpg,trash,DIGITAL
train_trash_239.jpg,trash,PHOTO
train_trash_240.jpg,trash,DIGITAL
train_trash_241.jpg,trash,PHOTO
train_trash_242.jpg,trash,DIGITAL
train_trash_243.jpg,trash,DIGITAL
train_trash_244.jpg,trash,DIGITAL
train_trash_245.jpg,trash,DIGITAL
train_trash_246.jpg,trash,PHOTO
train_trash_247.jpg,trash,DIGITAL
train_trash_248.jpg,trash,DIGITAL
train_trash_249.jpg,trash,DIGITAL
train_trash_250.jpg,trash,DIGITAL
train_trash_251.jpg,trash,PHOTO
train_trash_252.jpg,trash,PHOTO
train_trash_253.jpg,trash,DIGITAL
train_trash_254.jpg,trash,PHOTO
train_trash_255.jpg,trash,DIGITAL
train_trash_256.jpg,trash,PHOTO
train_trash_257.jpg,trash,DIGITAL
train_trash_258.jpg,trash,DIGITAL
train_trash_259.jpg,trash,DIGITAL
train_trash_260.jpg,trash,PHOTO
train_trash_261.jpg,trash,DIGITAL
train_trash_262.jpg,trash,DIGITAL
train_trash_263.jpg,trash,DIGITAL
train_trash_264.jpg,trash,DIGITAL
train_trash_265.jpg,trash,DIGITAL
train_trash_266.jpg,trash,DIGITAL
train_trash_267.jpg,trash,DIGITAL
train_trash_268.jpg,trash,DIGITAL
train_trash_269.jpg,trash,DIGITAL
train_trash_270.jpg,trash,DIGITAL
train_trash_271.jpg,trash,DIGITAL
train_trash_272.jpg,trash,DIGITAL
train_trash_273.jpg,trash,DIGITAL
train_trash_274.jpg,trash,DIGITAL
train_trash_275.jpg,trash,DIGITAL
train_trash_276.jpg,trash,DIGITAL
train_trash_277.jpg,trash,DIGITAL
train_trash_278.jpg,trash,DIGITAL
train_trash_279.jpg,trash,DIGITAL
train_trash_280.jpg,trash,DIGITAL
train_trash_281.jpg,trash,DIGITAL
train_trash_282.jpg,trash,PHOTO
train_trash_283.jpg,trash,DIGITAL
train_trash_284.jpg,trash,DIGITAL
train_trash_285.jpg,trash,PHOTO
train_trash_286.jpg,trash,DIGITAL
train_trash_287.jpg,trash,PHOTO
train_trash_288.jpg,trash,PHOTO
train_trash_289.jpg,trash,DIGITAL
train_trash_290.jpg,trash,DIGITAL
train_trash_291.jpg,trash,DIGITAL
train_trash_292.jpg,trash,PHOTO
train_trash_293.jpg,trash,DIGITAL
train_trash_294.jpg,trash,PHOTO
train_trash_295.jpg,trash,DIGITAL
train_trash_296.jpg,trash,PHOTO
train_trash_297.jpg,trash,DIGITAL
train_trash_298.jpg,trash,DIGITAL
train_trash_299.jpg,trash,DIGITAL
train_trash_300.jpg,trash,PHOTO
train_trash_301.jpg,trash,PHOTO
train_trash_302.jpg,trash,DIGITAL
train_trash_303.jpg,trash,PHOTO
train_trash_304.jpg,trash,DIGITAL
train_trash_305.jpg,trash,PHOTO
train_trash_306.jpg,trash,DIGITAL
train_trash_307.jpg,trash,DIGITAL
train_trash_308.jpg,trash,DIGITAL
train_trash_309.jpg,trash,DIGITAL
train_trash_310.jpg,trash,DIGITAL
train_trash_311.jpg,trash,DIGITAL
train_trash_312.jpg,trash,PHOTO
train_trash_313.jpg,trash,PHOTO
train_trash_314.jpg,trash,DIGITAL
train_trash_315.jpg,trash,DIGITAL
train_trash_316.jpg,trash,DIGITAL
train_trash_317.jpg,trash,DIGITAL
train_trash_318.jpg,trash,DIGITAL
train_trash_319.jpg,trash,DIGITAL
train_trash_320.jpg,trash,DIGITAL
train_trash_321.jpg,trash,PHOTO
train_trash_322.jpg,trash,DIGITAL
train_trash_323.jpg,trash,PHOTO
train_trash_324.jpg,trash,PHOTO
train_trash_325.jpg,trash,DIGITAL
train_trash_326.jpg,trash,PHOTO
train_trash_327.jpg,trash,PHOTO
train_trash_328.jpg,trash,DIGITAL
train_trash_329.jpg,trash,PHOTO
train_trash_330.jpg,trash,PHOTO
train_trash_331.jpg,trash,DIGITAL
train_trash_332.jpg,trash,DIGITAL
train_trash_333.jpg,trash,DIGITAL
train_trash_334.jpg,trash,DIGITAL
train_trash_335.jpg,trash,PHOTO
train_trash_336.jpg,trash,DIGITAL
train_trash_337.jpg,trash,PHOTO
train_trash_338.jpg,trash,DIGITAL
train_trash_339.jpg,trash,DIGITAL
train_trash_340.jpg,trash,DIGITAL
train_trash_341.jpg,trash,DIGITAL
train_trash_342.jpg,trash,PHOTO
train_trash_343.jpg,trash,DIGITAL
train_trash_344.jpg,trash,DIGITAL
train_trash_345.jpg,trash,DIGITAL
train_trash_346.jpg,trash,DIGITAL
train_trash_347.jpg,trash,PHOTO
train_trash_348.jpg,trash,PHOTO
train_trash_349.jpg,trash,DIGITAL
train_trash_350.jpg,trash,PHOTO
train_trash_351.jpg,trash,DIGITAL
train_trash_352.jpg,trash,DIGITAL
train_trash_353.jpg,trash,PHOTO
train_trash_354.jpg,trash,DIGITAL
train_trash_355.jpg,trash,DIGITAL
train_trash_356.jpg,trash,PHOTO
train_trash_357.jpg,trash,PHOTO
train_trash_358.jpg,trash,PHOTO
train_trash_359.jpg,trash,PHOTO
train_trash_360.jpg,trash,DIGITAL
train_trash_361.jpg,trash,DIGITAL
train_trash_362.jpg,trash,DIGITAL
train_trash_363.jpg,trash,DIGITAL
train_trash_364.jpg,trash,DIGITAL
train_trash_365.jpg,trash,PHOTO
train_trash_366.jpg,trash,PHOTO
train_trash_367.jpg,trash,DIGITAL
train_trash_368.jpg,trash,DIGITAL
train_trash_369.jpg,trash,PHOTO
train_trash_370.jpg,trash,DIGITAL
train_trash_371.jpg,trash,DIGITAL
train_trash_372.jpg,trash,DIGITAL
train_trash_373.jpg,trash,DIGITAL
train_trash_374.jpg,trash,DIGITAL
train_trash_375.jpg,trash,PHOTO
train_trash_376.jpg,trash,DIGITAL
train_trash_377.jpg,trash,PHOTO
train_trash_378.jpg,trash,PHOTO
train_trash_379.jpg,trash,PHOTO
train_trash_380.jpg,trash,PHOTO
train_trash_381.jpg,trash,DIGITAL
train_trash_382.jpg,trash,DIGITAL
train_trash_383.jpg,trash,DIGITAL
train_trash_384.jpg,trash,DIGITAL
train_trash_385.jpg,trash,DIGITAL
train_trash_386.jpg,trash,DIGITAL
train_trash_387.jpg,trash,DIGITAL
train_trash_388.jpg,trash,PHOTO
train_trash_389.jpg,trash,DIGITAL
train_trash_390.jpg,trash,DIGITAL
train_trash_391.jpg,trash,DIGITAL
train_trash_392.jpg,trash,DIGITAL
train_trash_393.jpg,trash,PHOTO
train_trash_394.jpg,trash,DIGITAL
train_trash_395.jpg,trash,DIGITAL
train_trash_396.jpg,trash,DIGITAL
train_trash_397.jpg,trash,DIGITAL
train_trash_398.jpg,trash,DIGITAL
train_trash_399.jpg,trash,PHOTO
train_trash_400.jpg,trash,PHOTO
train_trash_401.jpg,trash,PHOTO
train_trash_402.jpg,trash,PHOTO
train_trash_403.jpg,trash,PHOTO
train_trash_404.jpg,trash,PHOTO
train_trash_405.jpg,trash,DIGITAL
train_trash_406.jpg,trash,PHOTO
train_trash_407.jpg,trash,DIGITAL
train_trash_408.jpg,trash,DIGITAL
train_trash_409.jpg,trash,DIGITAL
train_trash_410.jpg,trash,PHOTO
train_trash_411.jpg,trash,PHOTO
train_trash_412.jpg,trash,DIGITAL
train_trash_413.jpg,trash,PHOTO
train_trash_414.jpg,trash,PHOTO
train_trash_415.jpg,trash,PHOTO
train_trash_416.jpg,trash,DIGITAL
train_trash_417.jpg,trash,PHOTO
train_trash_418.jpg,trash,DIGITAL
train_trash_419.jpg,trash,PHOTO
train_trash_420.jpg,trash,DIGITAL
train_trash_421.jpg,trash,PHOTO
train_trash_422.jpg,trash,DIGITAL
train_trash_423.jpg,trash,PHOTO
train_trash_424.jpg,trash,DIGITAL
train_trash_425.jpg,trash,DIGITAL
train_trash_426.jpg,trash,DIGITAL
train_trash_427.jpg,trash,DIGITAL
train_trash_428.jpg,trash,DIGITAL
train_trash_429.jpg,trash,DIGITAL
train_trash_430.jpg,trash,DIGITAL
train_trash_431.jpg,trash,DIGITAL
train_trash_432.jpg,trash,PHOTO
train_trash_433.jpg,trash,DIGITAL
train_trash_434.jpg,trash,PHOTO
train_trash_435.jpg,trash,PHOTO
train_trash_436.jpg,trash,DIGITAL
train_trash_437.jpg,trash,PHOTO
train_trash_438.jpg,trash,DIGITAL
train_trash_439.jpg,trash,DIGITAL
train_trash_440.jpg,trash,DIGITAL
train_trash_441.jpg,trash,PHOTO
train_trash_442.jpg,trash,DIGITAL
train_trash_443.jpg,trash,DIGITAL
train_trash_444.jpg,trash,DIGITAL
train_trash_445.jpg,trash,DIGITAL
train_trash_446.jpg,trash,PHOTO
train_trash_447.jpg,trash,DIGITAL
train_trash_448.jpg,trash,DIGITAL
train_trash_449.jpg,trash,DIGITAL
train_trash_450.jpg,trash,PHOTO
train_trash_451.jpg,trash,DIGITAL
train_trash_452.jpg,trash,PHOTO
train_trash_453.jpg,trash,DIGITAL
train_trash_454.jpg,trash,DIGITAL
train_trash_455.jpg,trash,DIGITAL
train_trash_456.jpg,trash,DIGITAL
train_trash_457.jpg,trash,DIGITAL
train_trash_458.jpg,trash,DIGITAL
train_trash_459.jpg,trash,DIGITAL
train_trash_460.jpg,trash,DIGITAL
train_trash_461.jpg,trash,DIGITAL
train_trash_462.jpg,trash,DIGITAL
train_trash_463.jpg,trash,PHOTO
train_trash_464.jpg,trash,DIGITAL
train_trash_465.jpg,trash,PHOTO
train_trash_466.jpg,trash,PHOTO
train_trash_467.jpg,trash,DIGITAL
train_trash_468.jpg,trash,PHOTO
train_trash_469.jpg,trash,DIGITAL
train_trash_470.jpg,trash,DIGITAL
train_trash_471.jpg,trash,DIGITAL
train_trash_472.jpg,trash,DIGITAL
train_trash_473.jpg,trash,DIGITAL
train_trash_474.jpg,trash,DIGITAL
train_trash_475.jpg,trash,PHOTO
train_trash_476.jpg,trash,DIGITAL
train_trash_477.jpg,trash,DIGITAL
train_trash_478.jpg,trash,PHOTO
train_trash_479.jpg,trash,DIGITAL
train_trash_480.jpg,trash,PHOTO
train_trash_481.jpg,trash,DIGITAL
train_trash_482.jpg,trash,PHOTO
train_trash_483.jpg,trash,DIGITAL
train_trash_484.jpg,trash,PHOTO
train_trash_485.jpg,trash,PHOTO
train_trash_486.jpg,trash,PHOTO
train_trash_487.jpg,trash,DIGITAL
train_trash_488.jpg,trash,PHOTO
train_trash_489.jpg,trash,DIGITAL
train_trash_490.jpg,trash,DIGITAL
train_trash_491.jpg,trash,PHOTO
train_trash_492.jpg,trash,DIGITAL
train_trash_493.jpg,trash,DIGITAL
train_trash_494.jpg,trash,DIGITAL
train_trash_495.jpg,trash,PHOTO
train_trash_496.jpg,trash,DIGITAL
train_trash_497.jpg,trash,DIGITAL
train_trash_498.jpg,trash,DIGITAL
train_trash_499.jpg,trash,DIGITAL
train_trash_500.jpg,trash,DIGITAL
train_trash_501.jpg,trash,DIGITAL
train_trash_502.jpg,trash,DIGITAL
train_trash_503.jpg,trash,PHOTO
train_trash_504.jpg,trash,PHOTO
train_trash_505.jpg,trash,PHOTO
train_trash_506.jpg,trash,PHOTO
train_trash_507.jpg,trash,DIGITAL
train_trash_508.jpg,trash,DIGITAL
train_trash_509.jpg,trash,DIGITAL
train_trash_510.jpg,trash,PHOTO
train_trash_511.jpg,trash,DIGITAL
train_trash_512.jpg,trash,DIGITAL
train_trash_513.jpg,trash,DIGITAL
train_trash_514.jpg,trash,PHOTO
train_trash_515.jpg,trash,DIGITAL
train_trash_516.jpg,trash,DIGITAL
train_trash_517.jpg,trash,DIGITAL
train_trash_518.jpg,trash,DIGITAL
train_trash_519.jpg,trash,DIGITAL
train_trash_520.jpg,trash,DIGITAL
train_trash_521.jpg,trash,PHOTO
train_trash_522.jpg,trash,PHOTO
train_trash_523.jpg,trash,DIGITAL
train_trash_524.jpg,trash,DIGITAL
